X (waste),Y (impact),n,r,p,R2,b,a,k_backtransform
Zirconium,Ecosystem Quality,1578,0.650604912772242,1.3360553926272167e-190,0.4232867525233762,0.4360612840911755,-0.13776038733384688,0.7281814522254728
Zirconium,Human Health,1576,0.6291235595343293,1.9744534332429823e-174,0.395796453161145,0.47482466455487116,2.9030413296536133,799.9103748912643
Zirconium,Natural Resources,1578,0.5022507893632092,1.314440248081901e-101,0.2522558554159666,0.39187804429351164,6.535417759359624,3430976.625875516
Zinc,Ecosystem Quality,1578,0.8037177778128222,0.0,0.6459622663723812,0.5544570132344361,-4.947164468811758,1.129368138085291e-05
Zinc,Human Health,1576,0.8561988350160101,0.0,0.7330764450827727,0.6653681998196633,-2.3546302543350275,0.004419465476409156
Zinc,Natural Resources,1578,0.7692070831474058,7.68710207146718e-309,0.5916795367641402,0.6177428026492098,2.1748220487036782,149.56227021104553
Water,Ecosystem Quality,1578,0.8465961240773509,0.0,0.7167249973027938,0.6356965425017927,-7.168469536695197,6.784697096469973e-08
Water,Human Health,1576,0.8945651090995308,0.0,0.8002467344182557,0.7573124331398211,-5.000140947573282,9.99675508877503e-06
Water,Natural Resources,1578,0.8256556481016217,0.0,0.681707249242109,0.7217264848338684,-0.3508825161353606,0.44577682211639297
Waste - Total,Ecosystem Quality,1578,0.8333693567771427,0.0,0.6945044848151484,0.6432702509444311,-7.335365154249386,4.6199241541570244e-08
Waste - Total,Human Health,1576,0.8832641701945992,0.0,0.7801555943495541,0.7684592634528388,-5.207227618340859,6.2054371544786725e-06
Waste - Total,Natural Resources,1578,0.8421611549604636,0.0,0.7092354109243417,0.7567479593173114,-0.6458005753523084,0.22604735237963497
Waste - Recycled,Ecosystem Quality,1578,0.8575861268113878,0.0,0.7354539648993577,0.6997415137150176,-6.02648395925301,9.408405795156112e-07
Waste - Recycled,Human Health,1576,0.8851916364253652,0.0,0.7835642331974161,0.8137008034753338,-3.6032510609999386,0.00024931530451344057
Waste - Recycled,Natural Resources,1578,0.8079936407303713,0.0,0.6528537234607206,0.7674815589808357,0.994113500345793,9.865372777433432
Waste - Radioactive,Ecosystem Quality,1578,0.8183556264478459,0.0,0.669705931338846,0.5534403067274025,-4.164385505883809,6.848800158861777e-05
Waste - Radioactive,Human Health,1576,0.881061061915405,0.0,0.7762685948235009,0.671618305950208,-1.4077269880306518,0.03910866686333162
Waste - Radioactive,Natural Resources,1578,0.8508023749537581,0.0,0.7238646812269551,0.6698190874964922,3.1050278328742413,1273.5846993387934
Waste - Openly Burned,Ecosystem Quality,1578,0.7917536463003161,0.0,0.6268738364298458,0.640628981003627,-4.926718479473413,1.1838086814077868e-05
Waste - Openly Burned,Human Health,1576,0.8066884270432613,0.0,0.650746218325531,0.7353614698037606,-2.321938883392062,0.00476498037840972
Waste - Openly Burned,Natural Resources,1578,0.733250502892228,2.6914132826545125e-266,0.5376562999917056,0.6906674548186874,2.2033028751781965,159.69924949405194
Waste - Landfilled,Ecosystem Quality,1578,0.8642491996638156,0.0,0.7469266791195459,0.8493787994724593,-7.183492765705603,6.55401203139498e-08
Waste - Landfilled,Human Health,1576,0.8986777404853449,0.0,0.807621681243845,0.9953401452045455,-4.970696504558039,1.0698022216155983e-05
Waste - Landfilled,Natural Resources,1578,0.8280703747937685,0.0,0.6857005456110921,0.9473921705040713,-0.3197895853889663,0.47886204361353074
Waste - Incinerated,Ecosystem Quality,1578,0.8175230969944216,0.0,0.66834401411935,0.6683462092815046,-5.690794394174392,2.0380066924844583e-06
Waste - Incinerated,Human Health,1576,0.8435506663130972,0.0,0.7115777266372703,0.7772563627086247,-3.2132984738476087,0.0006119296914996564
Waste - Incinerated,Natural Resources,1578,0.820773560597246,0.0,0.6736692377754809,0.7811328982667599,1.295942859974956,19.76709547781772
Waste - Hazardous %,Ecosystem Quality,1578,-0.037080029239789355,0.14093773749935495,0.0013749285684234724,-0.053899219547774796,-4.823038830480517,1.503007575444977e-05
Waste - Hazardous %,Human Health,1576,-0.0393143553480093,0.11873622018826296,0.0015456185364296493,-0.06435334159567357,-2.204497015047214,0.006244576422304368
Waste - Hazardous %,Natural Resources,1578,0.07600544426029217,0.0025175648683362652,0.005776827557204323,0.12861369742936185,2.5040423590846923,319.18491581936775
Waste - Hazardous,Ecosystem Quality,1578,0.8226538385339096,0.0,0.6767593380545757,0.6420030475916195,-5.396602209741368,4.012340580679497e-06
Waste - Hazardous,Human Health,1576,0.8717340281755946,0.0,0.7599202158792486,0.7666647134814758,-2.8907227648894525,0.0012861073941692967
Waste - Hazardous,Natural Resources,1578,0.8922559844881688,0.0,0.7961207418549511,0.8106054955180783,1.5808242920334101,38.091168199684994
Waste - Digested,Ecosystem Quality,1578,0.6149133915262288,9.02521265676608e-165,0.3781184790782892,0.4157072922821157,-4.031774743628164,9.294483405773135e-05
Waste - Digested,Human Health,1576,0.5734141785577006,1.8831165007862272e-138,0.3288038201710025,0.43670430792795206,-1.366007827790473,0.04305188506838631
Waste - Digested,Natural Resources,1578,0.4565120201209534,4.6106976646583283e-82,0.20840322451491367,0.35927419246811465,3.010594275589027,1024.694194290481
Waste - Composted,Ecosystem Quality,1578,0.6145589440263253,1.568326535297904e-164,0.3776826956827519,0.4153286134741187,-4.104205133871399,7.86674125690385e-05
Waste - Composted,Human Health,1576,0.5730215986315446,3.1936131617772614e-138,0.32835375249825083,0.43625220712233304,-1.442158204719731,0.03612782322931415
Waste - Composted,Natural Resources,1578,0.45618778441563435,6.194213855967127e-82,0.20810729465004518,0.35889885552386874,2.9479195805028247,886.9917501413829
Waste - Circularity %,Ecosystem Quality,1578,-0.07532128478284854,0.0027539197384854543,0.005673295941338918,-0.13246950510582825,-4.787593765825484,1.630820770826717e-05
Waste - Circularity %,Human Health,1576,-0.14389019080131518,9.601251012348379e-09,0.02070438700883881,-0.2850883233089893,-2.1806259460029276,0.006597418804568469
Waste - Circularity %,Natural Resources,1578,-0.23611042765668394,1.970889225797808e-21,0.05574813404822199,-0.48340760151916823,2.3041855975448367,201.45850071684592
Vegetable Oil,Ecosystem Quality,1578,0.7881409129224147,0.0,0.6211660986221773,0.6102774606933979,-3.671881334379883,0.00021287206132246617
Vegetable Oil,Human Health,1576,0.7046202002833611,8.625077312430605e-237,0.4964896266473636,0.6149464207177762,-1.035494506075917,0.09215215461186077
Vegetable Oil,Natural Resources,1578,0.5992078076192497,2.00659215920351e-154,0.359049996711868,0.5401334013260242,3.344456344779854,2210.3260634676435
Uranium,Ecosystem Quality,1578,0.8278745045943442,0.0,0.6853761953573307,0.5865377538480031,-3.6431141278201435,0.00022744996387038787
Uranium,Human Health,1576,0.8940204064854684,0.0,0.7992724872124424,0.7139784471543614,-0.7709880493987473,0.1694384424650206
Uranium,Natural Resources,1578,0.8279380464761033,0.0,0.685481408802666,0.682856451463979,3.684070851720558,4831.376157034209
Tungsten,Ecosystem Quality,2,1.0,1.0,1.0,1.7758013118566607,-9.7889762602896,1.6256376150684099e-10
Tungsten,Human Health,2,1.0,1.0,1.0,1.2123951037101608,-4.566885930360644,2.710903570905626e-05
Tungsten,Natural Resources,2,1.0,1.0,1.0,1.3141008806353731,-1.0091993926414191,0.09790403866299978
Titanium,Ecosystem Quality,1578,0.8116065091067926,0.0,0.6587051256245143,0.6893448045209649,-4.381372697186596,4.155538428439498e-05
Titanium,Human Health,1576,0.8572825026606701,0.0,0.7349332893681421,0.8203316716111373,-1.6796929218917498,0.020907739391263655
Titanium,Natural Resources,1578,0.816625744274524,0.0,0.6668776062119202,0.807447260379912,2.827331068118374,671.9408866829625
Tin,Ecosystem Quality,1578,0.8247422826532645,0.0,0.6801998327961172,0.6750434483524866,-4.2140692654901954,6.108445937241955e-05
Tin,Human Health,1576,0.8822574063783062,0.0,0.7783781311093758,0.8135691726405576,-1.4722200405191002,0.03371164612746304
Tin,Natural Resources,1578,0.7998664263105242,0.0,0.6397862999387693,0.7621334921225067,2.9998392546528216,999.629938649418
Tellurium,Ecosystem Quality,1578,0.7516854012206198,3.404363143450873e-287,0.5650309424082041,0.5546690975322595,-0.015521114168586259,0.9648924003275379
Tellurium,Human Health,1576,0.7215826743987931,1.247464324596572e-253,0.5206815559925145,0.5999324256414266,3.00059977657001,1001.3819906594136
Tellurium,Natural Resources,1578,0.6346473440573183,1.2462091888236695e-178,0.40277725131900777,0.5451680989837828,7.04544466573257,11103110.595244708
Tantalum,Ecosystem Quality,1578,0.7518106210493305,2.419952888474218e-287,0.5652192099225803,0.529462592858098,-3.0592848667199313,0.0008723989481524998
Tantalum,Human Health,1576,0.798698744373634,0.0,0.6379196842640193,0.6338342026609486,-0.09430137421977047,0.8048197509271714
Tantalum,Natural Resources,1578,0.7854009444105463,0.0,0.6168546434809781,0.6438998997438646,4.452521137261856,28347.916004147115
Strontium,Ecosystem Quality,1578,0.7855913088053333,0.0,0.6171537044704767,0.5225791332669062,-3.11779003355726,0.0007624475380902091
Strontium,Human Health,1576,0.8418527028773296,0.0,0.7087159733418653,0.63082691054715,-0.1475433106392261,0.7119617950490076
Strontium,Natural Resources,1578,0.762909513281113,7.621009398377806e-301,0.5820309254548247,0.5907837451791279,4.240032190917824,17379.29643365514
Silver,Ecosystem Quality,1578,0.7599009044164569,4.11700098114759e-297,0.577449384532949,0.5036156422834539,-2.793480541630346,0.001608864460725195
Silver,Human Health,1576,0.8087223161574939,0.0,0.6540317846511416,0.6039616027200412,0.22806936903700636,1.6907109641445481
Silver,Natural Resources,1578,0.7651121070215046,1.299926944107266e-303,0.5853965363108864,0.5902927329272174,4.6888182008223325,48844.7848326621
Silicon,Ecosystem Quality,1578,0.7905957158655902,0.0,0.6250415859450249,0.5843752074039971,-4.013612784285278,9.691415549997908e-05
Silicon,Human Health,1576,0.8384190887222845,0.0,0.702946568333906,0.6983599449445811,-1.2384500303500243,0.057749731536942635
Silicon,Natural Resources,1578,0.758175091550832,5.381290044795177e-295,0.5748294694481123,0.6523894827721533,3.2166263330877136,1646.7449227137556
Selenium,Ecosystem Quality,1578,0.713893485438809,3.7352192664148905e-246,0.5096439085519711,0.47868927375959186,-0.16931227371459467,0.6771544335624553
Selenium,Human Health,1576,0.6678156076868187,4.308456782255175e-204,0.44597768587011477,0.504508277801281,2.707115378249466,509.4662020676789
Selenium,Natural Resources,1578,0.5601383081995929,5.010024796425102e-131,0.313754924312702,0.43723575139917037,6.574788004384438,3756539.885603013
Sand,Ecosystem Quality,1578,0.7962708664814557,0.0,0.6340472928071282,0.697311190489759,-6.187432845118314,6.49482053111059e-07
Sand,Human Health,1576,0.859425962903798,0.0,0.7386129857131205,0.8482965595281385,-3.8669449867779893,0.00013584855186150744
Sand,Natural Resources,1578,0.8065482431949211,0.0,0.6505200686008137,0.822235590184029,0.7007419691659291,5.020442173709001
Rhodium,Ecosystem Quality,1578,0.8257300164577532,0.0,0.6818300600793212,0.6161352075694722,0.21934711337257884,1.6570938799919561
Rhodium,Human Health,1576,0.8882630086046295,0.0,0.7890111724553476,0.7471428853199987,3.907490109974018,8081.465252840932
Rhodium,Natural Resources,1578,0.8363036953163744,0.0,0.6994038707998236,0.7264439026706745,8.25471651725458,179769709.76148385
Rare Earth,Ecosystem Quality,1578,0.7563905202036295,7.953773427419221e-293,0.5721266190539174,0.48463020717587907,-3.9307399879774465,0.0001172897368811044
Rare Earth,Human Health,1576,0.8060630053784112,0.0,0.6497375686396765,0.5818293768973646,-1.1345115745832983,0.07336491613343522
Rare Earth,Natural Resources,1578,0.825947094377605,0.0,0.6821886027108088,0.6160511120640421,3.438820108771803,2746.7561702103394
Platinum,Ecosystem Quality,1578,0.8379731535145141,0.0,0.7021990060110592,0.6701909490951882,-3.7545486246995146,0.0001759751626565271
Platinum,Human Health,1576,0.8754885583474302,0.0,0.7664802157972621,0.7889032232900804,-0.9469177114888818,0.11300100045031979
Platinum,Natural Resources,1578,0.8179382454289035,0.0,0.669022973335313,0.7615336210063343,3.5260255146307378,3357.5733927572655
Phosphate Rock,Ecosystem Quality,1578,0.712032875561706,2.6307127968474737e-244,0.5069908158806717,0.4854766348637872,-4.947421876162664,1.1286989572916222e-05
Phosphate Rock,Human Health,1576,0.6613514589496643,7.914511466375139e-199,0.43738575225484944,0.5081020409645928,-2.326847626368063,0.004711425993158019
Phosphate Rock,Natural Resources,1578,0.5337615444639032,6.53755480313677e-117,0.28490138634849116,0.42365826285583685,2.217742113144786,165.09811438818411
Petroleum,Ecosystem Quality,1578,0.8513860570169651,0.0,0.7248582180828951,0.8464088077966233,-6.727723970000232,1.8718714912398424e-07
Petroleum,Human Health,1576,0.8792967997585658,0.0,0.7731628620656552,0.9850293959740122,-4.420680760828187,3.795939125759443e-05
Petroleum,Natural Resources,1578,0.8523115681958694,0.0,0.7264350092805024,0.9863978944269279,0.09061538957401982,1.232013281176541
Palladium,Ecosystem Quality,1578,0.7572387527560069,7.44114994639887e-294,0.5734105286754727,0.5250633703364074,-1.7048692092407935,0.019730168341916265
Palladium,Human Health,1576,0.8062201294213802,0.0,0.649990897084227,0.6299409355561348,1.5351042958101941,34.28501121076303
Palladium,Natural Resources,1578,0.789293054442595,0.0,0.6229835257913212,0.637114199812635,6.091301703301319,1233961.7657235167
Natural Gas,Ecosystem Quality,1578,0.8111750752060737,0.0,0.6580050026355792,0.6364591133897047,-6.263627800953413,5.449695025142267e-07
Natural Gas,Human Health,1576,0.8751360964212002,0.0,0.7658631872593361,0.7740610223641737,-3.95928373009044,0.00010982880794722425
Natural Gas,Natural Resources,1578,0.8469111409237922,0.0,0.7172584806208391,0.7735597613179374,0.5566830251498363,3.6031556654538104
Magnesium,Ecosystem Quality,1578,0.7982713631666067,0.0,0.6372371692518728,0.6263576729606144,-4.374071237416162,4.225992895288113e-05
Magnesium,Human Health,1576,0.8465906130224712,0.0,0.7167156660577637,0.748426029477465,-1.6681622442504485,0.021470282349207767
Magnesium,Natural Resources,1578,0.7952231470033263,0.0,0.6323798535298742,0.7263751496775163,2.83129057812438,678.0950562851451
Lithium,Ecosystem Quality,1578,0.5945869320847312,1.7321274470063443e-151,0.35353361980593245,0.3068816413269278,-3.6558128837183785,0.0002208956259389393
Lithium,Human Health,1576,0.5522559000261194,1.6189892140481124e-126,0.304986579113659,0.3210762550595135,-0.9756742537036363,0.10576104815899395
Lithium,Natural Resources,1578,0.5152053492807587,1.0506397372901897e-107,0.26543655192750826,0.3095537181881705,3.496255492655364,3135.1295584950144
Lead,Ecosystem Quality,1578,0.8126394925785518,0.0,0.6603829448983259,0.6720387141126866,-4.520975612156081,3.013175224548784e-05
Lead,Human Health,1576,0.8399167794009255,0.0,0.7054601963192226,0.7822918262360044,-1.851829932452943,0.014065982331286423
Lead,Natural Resources,1578,0.745282072304193,9.898354831151335e-280,0.5554453672980325,0.7174921523994707,2.638145345102176,434.6556658121777
Latex,Ecosystem Quality,1578,0.7595382425258632,1.150235979260472e-296,0.5768983418592769,0.5380540474311042,-3.2486433465766167,0.0005641007191922718
Latex,Human Health,1576,0.8070968173876528,0.0,0.651405272637278,0.6439617755795265,-0.3209922942510961,0.4775377466028364
Latex,Natural Resources,1578,0.7047511479595272,3.250541519776247e-237,0.49667418055027157,0.581182009571055,4.015560967103273,10364.800973086227
Indium,Ecosystem Quality,1578,0.6970279825090789,6.304806222461025e-230,0.48584800840067677,0.47057209811045475,-2.216573796107757,0.006073320551284887
Indium,Human Health,1576,0.6765702392301483,1.947570955132684e-211,0.45774728861194025,0.5145576774729519,0.6503833829666981,4.47078085974517
Indium,Natural Resources,1578,0.5891155206598918,4.508568438216257e-148,0.3470570966823756,0.4629952516548391,4.884716906509989,76686.14501843364
Hydrogen,Ecosystem Quality,1578,0.7313493908179225,3.0612381463305847e-264,0.5348719314497462,0.43467096989945747,-4.347014936845258,4.497643857200849e-05
Hydrogen,Human Health,1576,0.780127992857444,6e-323,0.6085996852397844,0.5225397996320668,-1.6338714256614282,0.023234245521804194
Hydrogen,Natural Resources,1578,0.7751778415219499,1.16231107e-316,0.6009006859866299,0.5363363043508631,2.8939448515785493,783.3301661049417
Holmium,Ecosystem Quality,4,0.9943325618686989,0.005667438131301106,0.9886972435923699,0.2439926813864895,-3.6581150187383633,0.00021972778676984683
Holmium,Human Health,4,0.9692207892179867,0.03077921078201329,0.9393889382523374,0.19775950891544566,-0.8508386602409531,0.1409812444391333
Holmium,Natural Resources,4,0.9999101729289408,8.982707105920085e-05,0.999820353926784,0.9172407068285925,5.23410132113602,171435.7221317595
Helium,Ecosystem Quality,1578,0.7625900682225356,1.9096913335646582e-300,0.5815436121516514,0.5326641266685549,-3.0073765165563544,0.0009831583758008943
Helium,Human Health,1576,0.8147544488534657,0.0,0.6638248119265148,0.6413121819474304,-0.020160296754820006,0.9546401662436512
Helium,Natural Resources,1578,0.7978574338048624,0.0,0.6365764846776807,0.6487654497977287,4.518862689956023,33026.51052503169
Graphite,Ecosystem Quality,1578,0.7886563731288174,0.0,0.6219788748767008,0.5793076930293524,-3.402311850596083,0.0003959935839848431
Graphite,Human Health,1576,0.8438110583609593,0.0,0.7120171022122426,0.6984020542147337,-0.49345752066042214,0.3210276793392208
Graphite,Natural Resources,1578,0.7693497605592248,5.030945411885603e-309,0.5918990540725366,0.6578780774856634,3.9253607708830964,8420.943837414441
Gold,Ecosystem Quality,1578,0.762721861524013,1.3075093605259198e-300,0.5817446380466558,0.524812799848957,-2.525026739331189,0.002985198815806273
Gold,Human Health,1576,0.8111199207603199,0.0,0.6579155258542275,0.6289001074700286,0.5479727335591313,3.53160996483017
Gold,Natural Resources,1578,0.7919328021297657,0.0,0.6271575630891028,0.6343466769078822,5.085588085977399,121783.39755316373
Gallium,Ecosystem Quality,1578,0.7526644422327651,2.3481355762424054e-288,0.5665037626015593,0.5529067310622721,0.38154335034219766,2.407372805839283
Gallium,Human Health,1576,0.7209176023732684,6.023428494646409e-253,0.5197221894116222,0.5966944916259209,3.4176667938270566,2616.175015495134
Gallium,Natural Resources,1578,0.639727245951563,2.3029867552246115e-182,0.4092509492127715,0.5470731978793485,7.469587098107662,29484047.222556844
Gadolinium,Ecosystem Quality,4,0.9943325618686992,0.005667438131300884,0.9886972435923704,0.24399268138648975,-3.860679440125982,0.0001378226385026779
Gadolinium,Human Health,4,0.9692207892179874,0.030779210782012623,0.9393889382523385,0.19775950891544591,-1.0150199802285909,0.09660064357048996
Gadolinium,Natural Resources,4,0.9999101729289406,8.982707105942289e-05,0.999820353926784,0.9172407068285933,4.472601705671764,29689.41946587518
Fluorspar,Ecosystem Quality,1578,0.7790232566080898,7.9e-322,0.6068772343362737,0.5332733421525129,-4.587040536044272,2.5879713486088835e-05
Fluorspar,Human Health,1576,0.8255483633302928,0.0,0.6815301001973252,0.6367921083658659,-1.9238177273720523,0.011917420751280609
Fluorspar,Natural Resources,1578,0.8182756590546442,0.0,0.6695750542013126,0.6520774724391886,2.5957640954676,394.243094893828
Europium,Ecosystem Quality,4,0.9943325618686991,0.005667438131300884,0.9886972435923703,0.24399268138648947,-3.6450872946475075,0.00022641891522369147
Europium,Human Health,4,0.9692207892179873,0.030779210782012623,0.9393889382523382,0.19775950891544566,-0.840279506155456,0.1444509804212923
Europium,Natural Resources,4,0.9999101729289407,8.982707105920085e-05,0.999820353926784,0.9172407068285922,5.283076391968313,191900.62622814107
Erbium,Ecosystem Quality,4,0.9943325618686993,0.005667438131300662,0.9886972435923702,0.24399268138648966,-3.7581951109094507,0.0001745038001939424
Erbium,Human Health,4,0.9692207892179873,0.030779210782012623,0.9393889382523383,0.1977595089154458,-0.931954986220486,0.1169620613642354
Erbium,Natural Resources,4,0.9999101729289408,8.982707105920085e-05,0.999820353926784,0.9172407068285928,4.857870632736519,72089.27083020947
Electricity,Ecosystem Quality,1578,0.8398026998125102,0.0,0.705268574612381,0.655876296695373,-7.078691696516323,8.342732208458029e-08
Electricity,Human Health,1576,0.9021879372479858,0.0,0.8139430741157757,0.7943778687553577,-4.939073628762557,1.1506053028221365e-05
Electricity,Natural Resources,1578,0.8375363473967944,0.0,0.7014671332107638,0.7614623696230459,-0.30821830678784057,0.49179226434314716
Dysprosium,Ecosystem Quality,4,0.9943325618686992,0.005667438131300884,0.9886972435923704,0.2439926813864898,-3.828961400708984,0.00014826498544694275
Dysprosium,Human Health,4,0.9692207892179874,0.030779210782012623,0.9393889382523385,0.19775950891544594,-0.9893120620106239,0.10249152094585162
Dysprosium,Natural Resources,4,0.9999101729289406,8.982707105942289e-05,0.999820353926784,0.9172407068285934,4.591839203816147,39069.621494939405
Copper,Ecosystem Quality,1575,0.8075940081566043,0.0,0.6522080820104496,0.5818430206508716,-5.231414598475016,5.869287744568443e-06
Copper,Human Health,1573,0.8859793191605998,0.0,0.7849593539802807,0.7195991900962798,-2.7127485200710715,0.0019375435814128566
Copper,Natural Resources,1575,0.7991624611516783,0.0,0.638660639314008,0.6728136168872015,1.8402065095017692,69.21600187151284
Coke,Ecosystem Quality,1578,0.8519771963270696,0.0,0.7258651430613339,0.7743025111941593,-6.864659834372501,1.3656523790829304e-07
Coke,Human Health,1576,0.8888447742696352,0.0,0.7900450327464383,0.9100624997124088,-4.6040598652226485,2.48851426596416e-05
Coke,Natural Resources,1578,0.8215610687755872,0.0,0.6749625897276853,0.8692058912959806,0.020800893366830664,1.049061365749209
Cobalt,Ecosystem Quality,1578,0.7458309020391469,2.3156535963744356e-280,0.5562637344365275,0.5732600973190188,-2.8304425669560223,0.0014776018733475432
Cobalt,Human Health,1576,0.7650237582176068,4.0554339325317004e-303,0.5852613506373913,0.6625008473608169,0.09944056101645593,1.2573047636904713
Cobalt,Natural Resources,1578,0.7303193078678888,3.913028037936542e-263,0.5333662914446319,0.653467864252538,4.583100141581609,38291.30269518534
Coal(Brown),Ecosystem Quality,1578,0.8370255113615361,0.0,0.7006117066700411,0.6712006586859199,-6.126361811653492,7.475464584791614e-07
Coal(Brown),Human Health,1576,0.8954068437849388,0.0,0.8017534158969061,0.8093156061549178,-3.778126985083686,0.00016667597907981332
Coal(Brown),Natural Resources,1578,0.820167602001818,0.0,0.6726748953734125,0.7656255218988763,0.8249925972829941,6.683325254857671
Coal(Black),Ecosystem Quality,1578,0.8413355260334332,0.0,0.7078454673659537,0.6921195970255852,-6.607707978484171,2.467698070515865e-07
Coal(Black),Human Health,1576,0.9036622414146067,0.0,0.8166054465584713,0.8378804707195604,-4.367381441043078,4.291593303500434e-05
Coal(Black),Natural Resources,1578,0.8383717944685841,0.0,0.7028672657604735,0.8028763964053776,0.24035080385411733,1.739205114401337
Chromium,Ecosystem Quality,1578,0.8177379855696622,0.0,0.668695413043529,0.6261549494313632,-3.0348964635710995,0.0009227913957288109
Chromium,Human Health,1576,0.8710004921939734,0.0,0.7586418574021437,0.751596063994581,-0.05975651709024099,0.8714520239913484
Chromium,Natural Resources,1578,0.7856138806567154,0.0,0.6171891694805038,0.7002883588238259,4.312732230327392,20546.234017203293
Cerium,Ecosystem Quality,1578,0.6552561797338923,3.1574955082182816e-194,0.4293606610794548,0.43083975804463737,0.3628247701741403,2.3058166464494234
Cerium,Human Health,1576,0.6207457082864496,1.492567448618431e-168,0.38532523435604604,0.4596069897832775,3.33464076504113,2160.930329547568
Cerium,Natural Resources,1578,0.5345437662949809,2.597952846427062e-117,0.285737038084823,0.4091551577072506,7.2469403978263305,17657954.679169256
Cement,Ecosystem Quality,1578,0.8334155391189393,0.0,0.6945814608449119,0.7302216838053244,-6.01881212231671,9.576082471972982e-07
Cement,Human Health,1576,0.8970551681139441,0.0,0.8047079746399368,0.8858053482400946,-3.6574584676885227,0.00022006021468581495
Cement,Natural Resources,1578,0.8425686787720009,0.0,0.709921978447595,0.8594063441098678,0.9023720908398505,7.986786788015574
Cadmium,Ecosystem Quality,1578,0.7548570680919251,5.623250940274531e-291,0.5698091932483376,0.5212145957395843,-1.0119384892787928,0.0972885007293132
Cadmium,Human Health,1576,0.7732910947049146,9.0886429797e-314,0.5979791171499252,0.6017516840827684,2.1964783955966305,157.20935851861532
Cadmium,Natural Resources,1578,0.6755804330365721,7.373561535029377e-211,0.45640892150188217,0.5430364962739792,6.287718756979744,1939629.3939826188
Borates,Ecosystem Quality,1578,0.7458556700185918,2.1685228101536534e-280,0.5563006804988826,0.503819861810408,-3.9288441221906423,0.00011780287179795984
Borates,Human Health,1576,0.7884188350258883,0.0,0.6216042594235789,0.6003267365665449,-1.1402255263686778,0.07240598627386949
Borates,Natural Resources,1578,0.7056027489209546,4.941129575937954e-238,0.4978752392848077,0.5548567400590602,3.2985922813863753,1988.805358289936
Bauxite,Ecosystem Quality,1578,0.8037489637843792,0.0,0.6460123967844631,0.6256829145697125,-5.404647388920154,3.938697352097557e-06
Bauxite,Human Health,1576,0.8738786644638041,0.0,0.763663920205042,0.766683963870155,-2.9202314993158494,0.0012016237420939076
Bauxite,Natural Resources,1578,0.7945839774346127,0.0,0.6313636971958094,0.7200684561249712,1.6417675409202392,43.829603404010726
Aluminium,Ecosystem Quality,1578,0.8193385807433561,0.0,0.671315709894537,0.6411083645317729,-5.384156068846513,4.128990951640519e-06
Aluminium,Human Health,1576,0.8802148762337152,0.0,0.7747782283431348,0.7761356414273837,-2.8859639135652073,0.0013002776163252411
Aluminium,Natural Resources,1578,0.8042728986083489,0.0,0.6468548954358759,0.732607879807962,1.67035610092203,46.81188192447202
Zirconium,Ecosystem Quality,1595,0.8091464764896281,0.0,0.65471802041558,0.8322766009706182,-1.6419335579916918,0.022806909645225925
Zirconium,Human Health,1593,0.8154729047054556,0.0,0.6649960583087533,0.9417521856696393,1.3811679965423629,24.052930507658985
Zirconium,Natural Resources,1595,0.7492662341622309,2.1560761382148066e-287,0.5613998896556512,0.9010635988455392,5.759182327042363,574357.5404086146
Zinc,Ecosystem Quality,1595,0.8029032395110873,0.0,0.6446536120173982,0.5573575852834157,-4.801495805843095,1.5794438609910468e-05
Zinc,Human Health,1593,0.8561109172776524,0.0,0.7329259026819837,0.6671955316228456,-2.1944637588484697,0.006390520629540816
Zinc,Natural Resources,1595,0.768039761395011,1.24302897086617e-310,0.5898850750837058,0.6233517114832788,2.338207618522462,217.87510956821987
Water,Ecosystem Quality,1595,0.8462186687492084,0.0,0.7160860353396818,0.6452256480624385,-7.012789949354399,9.70979477129061e-08
Water,Human Health,1593,0.890512525576444,0.0,0.7930125582085371,0.7629237440162883,-4.809799407104878,1.549532154989388e-05
Water,Natural Resources,1595,0.8228017686042505,0.0,0.6770027504182827,0.7335048388838886,-0.17577652525720167,0.6671499760080746
Waste - Total,Ecosystem Quality,1595,0.8320895800871513,0.0,0.6923730692896117,0.6440432150837272,-7.159947676672828,6.919143269836282e-08
Waste - Total,Human Health,1593,0.8798807326534029,0.0,0.7741901036946889,0.7649857750668032,-4.996278091604974,1.0086068384596676e-05
Waste - Total,Natural Resources,1595,0.8365896491408505,0.0,0.6998822410496115,0.7570702128765223,-0.4345856136891433,0.3676329137271266
Waste - Recycled,Ecosystem Quality,1595,0.8578189736378298,0.0,0.7358533915330592,0.7058410459351497,-5.851878646654792,1.406440465829544e-06
Waste - Recycled,Human Health,1593,0.8847800218096054,0.0,0.7828356869934057,0.8174260087077201,-3.410774977932701,0.0003883515314044231
Waste - Recycled,Natural Resources,1595,0.8074190042368987,0.0,0.6519254484029053,0.7767637959768792,1.1824214928890715,15.220239727977251
Waste - Radioactive,Ecosystem Quality,1595,0.8159324483060653,0.0,0.6657457601987302,0.5558429042685449,-3.9850200991453355,0.00010350942614162406
Waste - Radioactive,Human Health,1593,0.8766318824441303,0.0,0.7684834573175394,0.6708434201052272,-1.20972684688787,0.061698293638036104
Waste - Radioactive,Natural Resources,1595,0.8468833918292632,0.0,0.7172114793562376,0.6745283751886382,3.328282706754595,2129.524822618268
Waste - Openly Burned,Ecosystem Quality,1595,0.7899833002477894,0.0,0.6240736146703891,0.632245524781619,-4.745718938973068,1.7958954950062477e-05
Waste - Openly Burned,Human Health,1593,0.8046634110430367,0.0,0.6474832050714148,0.7230686676897196,-2.130333801308397,0.007407406847736138
Waste - Openly Burned,Natural Resources,1595,0.729247667870459,8.603407033252638e-265,0.5318021610945034,0.6823727080647258,2.3987099593459695,250.44361235489927
Waste - Landfilled,Ecosystem Quality,1595,0.8641907451010764,0.0,0.7468256439183536,0.8502800143471706,-6.9579760617844695,1.1016000278172459e-07
Waste - Landfilled,Human Health,1593,0.8978606335140504,0.0,0.8061537172142521,0.9921753872458929,-4.711042186608618,1.9451711219145488e-05
Waste - Landfilled,Natural Resources,1595,0.8243805736459039,0.0,0.67960333020475,0.9483286162051289,-0.06691954349966123,0.857196633002528
Waste - Incinerated,Ecosystem Quality,1595,0.8195427914160816,0.0,0.6716503869620629,0.6844044113744454,-5.5397201108943595,2.8858907695874098e-06
Waste - Incinerated,Human Health,1593,0.845868958639016,0.0,0.7154942951890533,0.793459647824331,-3.05051466135416,0.0008901953853830985
Waste - Incinerated,Natural Resources,1595,0.8203853876757651,0.0,0.6730321843119156,0.801009797608935,1.4738055292730394,29.771829918368173
Waste - Hazardous %,Ecosystem Quality,1595,-0.04601460146533849,0.06617471856815306,0.0021173435480138503,-0.06671451004611641,-4.860904808592229,1.377511367449309e-05
Waste - Hazardous %,Human Health,1593,-0.045366068590092234,0.07026795103684125,0.0020580801793208536,-0.07381835732468597,-2.258669295962697,0.00551227281979452
Waste - Hazardous %,Natural Resources,1595,0.07236958422945246,0.0038306224704924077,0.0052373567215439065,0.12267595850321038,2.4703725584772207,295.37420006182293
Waste - Hazardous,Ecosystem Quality,1595,0.8211332971429675,0.0,0.6742598916768812,0.6462736912895526,-5.225002367105296,5.956588969043561e-06
Waste - Hazardous,Human Health,1593,0.8699362962444448,0.0,0.7567891595235025,0.7689761272423093,-2.698734428721726,0.002001085160082143
Waste - Hazardous,Natural Resources,1595,0.8899738117476852,0.0,0.7920533855967045,0.8189526402873398,1.8003903354282862,63.152469158407285
Waste - Digested,Ecosystem Quality,1595,0.6015747622047357,1.3155642211471657e-157,0.3618921945216841,0.4014818013674864,-3.9613376673169522,0.00010931061373132166
Waste - Digested,Human Health,1593,0.5646357673262774,8.161900593410143e-135,0.31881354974413434,0.42314951221795083,-1.3076570100537865,0.04924282840550312
Waste - Digested,Natural Resources,1595,0.4504850239934386,1.5311634118805369e-80,0.20293675684236911,0.351508118650505,3.0756713089931824,1190.340770691179
Waste - Composted,Ecosystem Quality,1595,0.6013101724667813,1.957910400036547e-157,0.36157392351203,0.40121573313916664,-4.031178696344902,9.307248373338373e-05
Waste - Composted,Human Health,1593,0.5642843575687007,1.2977933607456135e-134,0.31841683619672123,0.4227842778525504,-1.3814029999940827,0.04155248486722135
Waste - Composted,Natural Resources,1595,0.4501393984504762,2.091306099938868e-80,0.20262547803735664,0.3511601102063855,3.014304924436987,1033.4867770983647
Waste - Circularity %,Ecosystem Quality,1595,-0.08091442899291357,0.00121946904376207,0.006547144819249229,-0.1432983057358928,-4.811874952843518,1.5421444213235118e-05
Waste - Circularity %,Human Health,1593,-0.1464778864373988,4.269436384291751e-09,0.021455771215167507,-0.29123286259451064,-2.2213402406366027,0.006007029425700756
Waste - Circularity %,Natural Resources,1595,-0.2347275807059341,2.0968280186165052e-21,0.05509703714406078,-0.486024263610726,2.2853836347774834,192.92283478931557
Waste - Carbon Dioxide (Ccs),Ecosystem Quality,1595,0.8604966719751487,0.0,0.7404545224803066,0.8895888570961883,-2.560993790842266,0.002747933440339314
Waste - Carbon Dioxide (Ccs),Human Health,1593,0.8715753188512422,0.0,0.7596435364306445,1.0117627649830985,0.3539961781587757,2.259415887014686
Waste - Carbon Dioxide (Ccs),Natural Resources,1595,0.7939466717273207,0.0,0.6303513175468904,0.9596441456214407,4.755456966575585,56945.17954235425
Vegetable Oil,Ecosystem Quality,1595,0.7687668622044196,1.4134854673145e-311,0.5910024884236291,0.5858442614298562,-3.433405991669838,0.0003686328282822956
Vegetable Oil,Human Health,1593,0.6672785393364109,7.928105614733664e-206,0.4452606490589338,0.5711048183434234,-0.8591966461421714,0.13829400495687616
Vegetable Oil,Natural Resources,1595,0.5541999604895862,4.2836889574727124e-129,0.30713759620665915,0.4937791665976526,3.4934388132191945,3114.862019096522
Uranium,Ecosystem Quality,1595,0.8257175098036725,0.0,0.681809405996378,0.591999958084082,-3.4436555135426925,0.00036003480490699144
Uranium,Human Health,1593,0.889814384084128,0.0,0.7917696381230162,0.7166637853230908,-0.5514353152273785,0.28090837327034013
Uranium,Natural Resources,1595,0.8243070784903831,0.0,0.679482159649351,0.6909680359512785,3.922667936837947,8368.891489051986
Tungsten,Ecosystem Quality,2,1.0,1.0,1.0,1.7399243626896987,-9.14879550491841,7.099119636246376e-10
Tungsten,Human Health,2,1.0,1.0,1.0,1.1797850461035337,-4.102096894957903,7.905022402497909e-05
Tungsten,Natural Resources,2,1.0,1.0,1.0,1.2697226949417417,-0.4770787357817494,0.33336596942176994
Titanium,Ecosystem Quality,1595,0.8040448831890294,0.0,0.6464881741824603,0.6662401061695541,-4.186169230464649,6.513745250896207e-05
Titanium,Human Health,1593,0.8511962800038883,0.0,0.7245351070924579,0.7918922621406008,-1.4631264014117735,0.034424972229730205
Titanium,Natural Resources,1595,0.8159866002102106,0.0,0.6658341317226184,0.7905188926472702,3.0677875794470366,1168.927509559156
Tin,Ecosystem Quality,1595,0.8220789335573949,0.0,0.675813772998864,0.6856389050159253,-4.06592175888298,8.59168292599224e-05
Tin,Human Health,1593,0.8819513015595684,0.0,0.7778380983226169,0.8259529917213903,-1.3086458093940434,0.04913084013419849
Tin,Natural Resources,1595,0.8001756640018777,0.0,0.6402810932608461,0.7802719931848561,3.1751548362039834,1496.769194423793
Tellurium,Ecosystem Quality,1595,0.8132761292305327,0.0,0.6614180623761983,0.6376371122468294,-1.0824609373665246,0.0827063895515638
Tellurium,Human Health,1593,0.8704819261014654,0.0,0.757738783669317,0.7668200289841448,2.2772651552926866,189.34993278528867
Tellurium,Natural Resources,1595,0.8166929958735564,0.0,0.666987449508925,0.7486401904460784,6.704239204820442,5061033.416322327
Tantalum,Ecosystem Quality,1595,0.7829254876418794,0.0,0.6129723191992746,0.5551413371481032,-2.9515408030681654,0.0011180447765068498
Tantalum,Human Health,1593,0.8393004016750256,0.0,0.7044251642518595,0.6684678225019074,0.03264610747483854,1.0780678815646627
Tantalum,Natural Resources,1595,0.8074131510640066,0.0,0.6519159965111088,0.6693568326704686,4.568097780764273,36991.145542571154
Strontium,Ecosystem Quality,1595,0.7850194120470829,0.0,0.6162554772907474,0.5316578714807112,-2.959763999558298,0.0010970741964867184
Strontium,Human Health,1593,0.8430753058326427,0.0,0.7107759713048036,0.6410197019156924,0.026070133988504107,1.0618670237030425
Strontium,Natural Resources,1595,0.7621297534635861,4.391585968151023e-303,0.5808417611144667,0.6034753221445927,4.428595119285017,26828.421400155425
Silver,Ecosystem Quality,1595,0.8248197005132977,0.0,0.6803275383548459,0.7345006407184201,-2.468712038454095,0.00339850537826046
Silver,Human Health,1593,0.8495010546877613,0.0,0.7216520419156192,0.8493731792034827,0.5033469329238911,3.1867422105534224
Silver,Natural Resources,1595,0.7698213995238389,5.95273347037e-313,0.5926249871648422,0.8014969600292601,4.883983358039119,76556.72701704002
Silicon,Ecosystem Quality,1595,0.7959065786718726,0.0,0.6334672819731662,0.5985080443323547,-3.9266113842657377,0.00011841006396869971
Silicon,Human Health,1593,0.8529683329691933,0.0,0.727554977048245,0.7204196193511492,-1.1418643568636317,0.07213327377592943
Silicon,Natural Resources,1595,0.7852185476345518,0.0,0.6165681675493153,0.690362501079143,3.347090821661568,2223.7748880714653
Selenium,Ecosystem Quality,1595,0.6464092611052028,2.203880813960872e-189,0.4178449328425743,0.4705955771896858,0.26288668603529963,1.831836406333009
Selenium,Human Health,1593,0.650405462976047,3.065594323546545e-192,0.42302726626908593,0.5318935514286576,3.529893443848246,3387.6102936276166
Selenium,Natural Resources,1595,0.5871657996933933,1.9609494564640273e-148,0.34476367632958227,0.49978103169045773,7.71711068522511,52132756.08378496
Sand,Ecosystem Quality,1595,0.7909184357356472,0.0,0.6255519719865235,0.6969170508079777,-5.974386848141911,1.0607502721383439e-06
Sand,Human Health,1593,0.8526880569165032,0.0,0.7270769224080416,0.8439728041826509,-3.615469296278068,0.0002423989329530794
Sand,Natural Resources,1595,0.8008152474512046,0.0,0.6413050605503341,0.8250123908370092,0.9492289411674908,8.896699895978571
Rhodium,Ecosystem Quality,1595,0.7531054053656981,5.652890787142953e-292,0.5671677515910325,0.6321170244470038,1.6642815673755456,46.16167588694031
Rhodium,Human Health,1593,0.7627886185064091,1.5525099482773563e-303,0.5818464765229163,0.7186659270322087,5.157341160589398,143661.752695585
Rhodium,Natural Resources,1595,0.6980707480731542,2.2953159208901194e-233,0.4873027693154135,0.6850462739558901,9.345654675368602,2216433345.581865
Rare Earth,Ecosystem Quality,1595,0.7531237086102042,5.373120328093273e-292,0.5671953204707878,0.4784069513650273,-3.808086178530845,0.0001555656906685477
Rare Earth,Human Health,1593,0.8035780795554281,0.0,0.6457377299419904,0.573119238054347,-1.0044452950423655,0.09898165360990374
Rare Earth,Natural Resources,1595,0.8255836060083296,0.0,0.6815882905097169,0.6131559806134843,3.610157467869806,4075.2801381816575
Platinum,Ecosystem Quality,1595,0.8483520958184492,0.0,0.7197012784795553,0.7693469885558584,-3.748551302597848,0.00017842212085428697
Platinum,Human Health,1593,0.872485333125247,0.0,0.7612306565186735,0.8884276966504603,-0.978405579886579,0.10509799239374078
Platinum,Natural Resources,1595,0.8031310496040192,0.0,0.6450194828380542,0.8515522167822774,3.5037494942789182,3189.6974726189987
Phosphate Rock,Ecosystem Quality,1595,0.7128020778426215,1.0881829121202528e-247,0.5080868021767587,0.48023638044369654,-4.81266704270142,1.5393343379610976e-05
Phosphate Rock,Human Health,1593,0.6632539631656019,1.662202032702012e-202,0.43990581965487785,0.5018177677430858,-2.2043268741528843,0.00624702330110427
Phosphate Rock,Natural Resources,1595,0.5334451747068879,5.479551323511731e-118,0.2845637544180625,0.4201986352297967,2.330319829895653,213.95371406802016
Petroleum,Ecosystem Quality,1595,0.8465455516249646,0.0,0.7166393709760157,0.8322941178081745,-6.42110172080724,3.7922615191267017e-07
Petroleum,Human Health,1593,0.8735350905400541,0.0,0.7630635544048208,0.9644458554902879,-4.071246372436148,8.486988770901262e-05
Petroleum,Natural Resources,1595,0.8467863608081241,0.0,0.7170471408506671,0.9733725486306363,0.4436734975180494,2.7776242653798517
Palladium,Ecosystem Quality,1595,0.7713997030825548,5.03626824e-315,0.5950575019158537,0.5239554204624933,-1.6089675400015189,0.024605515035906834
Palladium,Human Health,1593,0.824333917090797,0.0,0.6795264068662572,0.6289242787546835,1.6372372943605806,43.37478093171312
Palladium,Natural Resources,1595,0.7992346084205769,0.0,0.6387759592971933,0.6346991227807147,6.20479108037493,1602474.3266120825
Natural Gas,Ecosystem Quality,1595,0.7925467896404861,0.0,0.6281304137694407,0.6161669300947336,-6.0764400686320315,8.386097963358012e-07
Natural Gas,Human Health,1593,0.8553939927505892,0.0,0.7316988828337954,0.7471121919410236,-3.7410758873810366,0.00018151984524512494
Natural Gas,Natural Resources,1595,0.8402429555852089,0.0,0.7060082244105674,0.7637603371553314,0.7569309516902956,5.713877847295356
Magnesium,Ecosystem Quality,1595,0.7942040208369933,0.0,0.6307600267136471,0.6367881203257073,-4.227877380138214,5.9172868084537544e-05
Magnesium,Human Health,1593,0.8438060191307335,0.0,0.7120085979212557,0.759683605420765,-1.509362700643123,0.030948335721789576
Magnesium,Natural Resources,1595,0.7905147234714599,0.0,0.6249135280251588,0.7410569435571802,3.0053999303564956,1012.5114201972144
Lithium,Ecosystem Quality,1595,0.6757833640715597,2.7572940179363326e-213,0.456683155155874,0.5161346283080033,-3.4686995460686503,0.0003398603136927694
Lithium,Human Health,1593,0.6581165832369995,2.432974750435543e-198,0.4331174371315425,0.5643065933429073,-0.736297400823924,0.18352811294769433
Lithium,Natural Resources,1595,0.6205893117960773,1.874184335881874e-170,0.3851310939155287,0.554164293135539,3.7695532104623215,5882.381816214256
Lead,Ecosystem Quality,1594,0.8073917667913217,0.0,0.6518814650824121,0.6545474014558433,-4.310308630525272,4.8943088265204704e-05
Lead,Human Health,1592,0.8363254508967517,0.0,0.699440259817655,0.7609785793582511,-1.6229267275045585,0.023827214390497186
Lead,Natural Resources,1594,0.7366183890525305,1.0571707015645127e-272,0.5426066510903451,0.6981247879773808,2.8622127301274314,728.1363796743284
Latex,Ecosystem Quality,1595,0.76270665591255,8.23307768724631e-304,0.5817214429733045,0.5545432333886577,-3.0657209952737445,0.0008595655566897569
Latex,Human Health,1593,0.8087556261394284,0.0,0.6540856628121792,0.6600723995435304,-0.12813072446878415,0.7445078401784946
Latex,Natural Resources,1595,0.7052537417360676,3.073708354810366e-240,0.49738284023272405,0.5995177134665476,4.215046123652288,16407.640190482784
Indium,Ecosystem Quality,1595,0.7878488594246466,0.0,0.6207058252967165,0.5889619274151303,-3.0918886341035354,0.0008093034018010426
Indium,Human Health,1593,0.8519755579806096,0.0,0.7258623513963709,0.7155209328825125,-0.1182456617537575,0.7616480565260774
Indium,Natural Resources,1595,0.790026547496149,0.0,0.6241419457486853,0.6905016845277313,4.342140397282462,21985.70504508055
Hydrogen,Ecosystem Quality,1595,0.7420069285403036,5.917906381328427e-279,0.5505742820018151,0.5319172983638782,-4.328132992866102,4.697502361882707e-05
Hydrogen,Human Health,1593,0.7754306292380612,5.392e-320,0.6012926607605358,0.6242430948371724,-1.638949638727955,0.022964149275068676
Hydrogen,Natural Resources,1595,0.7677323509662797,3.1090924410377e-310,0.5894129627202114,0.6434647216602675,2.910130778116191,813.0753188376989
Holmium,Ecosystem Quality,4,0.9939857477911981,0.006014252208801807,0.9880076668120275,0.24729659832058068,-3.5957919922967694,0.0002536343134961726
Holmium,Human Health,4,0.9654383906761478,0.03456160932385233,0.9320712861913503,0.19787891902620994,-0.8103837314206661,0.15474487288368974
Holmium,Natural Resources,4,0.9999129631679573,8.70368320426973e-05,0.9998259339113252,0.918420396443918,5.509616855357573,323308.3010091502
Helium,Ecosystem Quality,1595,0.7519105513716804,1.538670915746214e-290,0.5653694772640643,0.48420926418211546,-2.991869783325824,0.0010188968431660396
Helium,Human Health,1593,0.8007951483798891,0.0,0.6412728696687685,0.5792392206271698,-0.029983063909075902,0.9332906954290705
Helium,Natural Resources,1595,0.7873859970193379,0.0,0.619976708302137,0.5928343349075186,4.552974942728901,35725.2225354663
Graphite,Ecosystem Quality,1595,0.790175970430169,0.0,0.6243780642452592,0.5940685632415926,-3.2535184672103066,0.0005578038825199447
Graphite,Human Health,1593,0.8466094621646599,0.0,0.7167475814267346,0.714785884000418,-0.3322867587040921,0.46527877486618463
Graphite,Natural Resources,1595,0.7766020650815306,5.63e-322,0.6031107674888982,0.6826373396188965,4.116732702910859,13083.764030949535
Gold,Ecosystem Quality,1595,0.7624709410059641,1.632601302351944e-303,0.5813619358785204,0.5018020061375492,-2.4728134263153865,0.003366561664036929
Gold,Human Health,1593,0.8119754208556165,0.0,0.6593040840736557,0.6002062095067029,0.5905829080233116,3.8956767015610185
Gold,Natural Resources,1595,0.7924696028861432,0.0,0.6280080714985217,0.6097761806359843,5.167209174535943,146963.39448888105
Gallium,Ecosystem Quality,1595,0.8200065403998413,0.0,0.6724107262985165,0.6380088578640123,-0.2920001667492489,0.5105048039648362
Gallium,Human Health,1593,0.879524819253932,0.0,0.7735639076836618,0.7688408530320946,3.238988132449777,1733.756620396723
Gallium,Natural Resources,1595,0.824448792697216,0.0,0.6797158117798975,0.7499837002535632,7.638707436288001,43521858.867136896
Gadolinium,Ecosystem Quality,4,0.9939857477911987,0.006014252208801363,0.9880076668120289,0.2472965983205815,-3.801099348506303,0.00015808863568858393
Gadolinium,Human Health,4,0.9654383906761496,0.03456160932385055,0.9320712861913538,0.19787891902621088,-0.9746641865129213,0.10600730983504052
Gadolinium,Natural Resources,4,0.9999129631679571,8.703683204291934e-05,0.999825933911325,0.9184203964439205,4.747137853368323,55864.74919867984
Fluorspar,Ecosystem Quality,1595,0.7725598588755402,1.47207887e-316,0.5968487355457945,0.5152268644502759,-4.435454154193525,3.6689842361480686e-05
Fluorspar,Human Health,1593,0.8201573145547317,0.0,0.672658020617629,0.6142518886553751,-1.758290412732148,0.01744655111841897
Fluorspar,Natural Resources,1595,0.8183982455985677,0.0,0.6697756883988135,0.6381309319076882,2.7906349272308866,617.4971069749595
Europium,Ecosystem Quality,4,0.9939857477911983,0.006014252208801807,0.9880076668120277,0.2472965983205812,-3.5825878591513804,0.0002614641444371734
Europium,Human Health,4,0.9654383906761479,0.034561609323852105,0.9320712861913505,0.19787891902621044,-0.7998182015620604,0.1585556777733029
Europium,Natural Resources,4,0.9999129631679574,8.703683204247525e-05,0.9998259339113251,0.9184203964439207,5.55865491443498,361955.2784837551
Erbium,Ecosystem Quality,4,0.9939857477911989,0.006014252208801141,0.9880076668120286,0.2472965983205812,-3.697227273932601,0.00020080416941000502
Erbium,Human Health,4,0.9654383906761492,0.03456160932385077,0.9320712861913528,0.19787891902621066,-0.891549036635247,0.12836628226040447
Erbium,Natural Resources,4,0.9999129631679573,8.70368320426973e-05,0.999825933911325,0.9184203964439197,5.132902285864734,135800.786708038
Electricity,Ecosystem Quality,1595,0.8123568415894817,0.0,0.6599236380772384,0.6079908657746005,-5.944575705210437,1.13612023455113e-06
Electricity,Human Health,1593,0.8832671348747462,0.0,0.7801608315498428,0.7424276610912172,-3.5909059714810496,0.0002565039329646292
Electricity,Natural Resources,1595,0.784768378886089,0.0,0.6158614084995001,0.6867053866466802,1.0470512913437573,11.144261425379277
Dysprosium,Ecosystem Quality,4,0.9939857477911989,0.006014252208801141,0.9880076668120288,0.24729659832058162,-3.768951813553002,0.00017023473791372376
Dysprosium,Human Health,4,0.9654383906761494,0.03456160932385055,0.9320712861913532,0.19787891902621096,-0.9489407454744397,0.11247584239487973
Dysprosium,Natural Resources,4,0.9999129631679573,8.70368320426973e-05,0.999825933911325,0.9184203964439213,4.866528706283457,73540.86033924279
Copper,Ecosystem Quality,1592,0.811207691337214,0.0,0.6580579184846532,0.5998661922211772,-5.100804396300033,7.92858348847887e-06
Copper,Human Health,1590,0.8874238666898852,0.0,0.7875211191708271,0.7371287113203819,-2.562632873431807,0.0027375819364050522
Copper,Natural Resources,1592,0.8000793532302279,0.0,0.6401269714653,0.6942590259025533,1.9930764625018589,98.41843674026093
Coke,Ecosystem Quality,1595,0.8453850647910676,0.0,0.7146759077717977,0.7688292371421925,-6.621357575942542,2.391346033183244e-07
Coke,Human Health,1593,0.8839346727789048,0.0,0.7813405057407499,0.9025698445345602,-4.330844107965353,4.6682691994829776e-05
Coke,Natural Resources,1595,0.8150106344747415,0.0,0.6642423343069213,0.8665973194944447,0.2868554355961894,1.9357774908715644
Cobalt,Ecosystem Quality,1595,0.7453245293527877,8.939789861365016e-283,0.5555086540549544,0.6013383533616286,-2.6666414649673484,0.002154559713473138
Cobalt,Human Health,1593,0.7608874298696049,3.777599427368171e-301,0.5789496809335726,0.6893047839226998,0.2530200105913396,1.7906883600513255
Cobalt,Natural Resources,1595,0.7212440478198365,2.5821332031212896e-256,0.5201929765155432,0.6803532723878826,4.753477766584541,56686.255063129356
Coal(Brown),Ecosystem Quality,1595,0.8443757138399335,0.0,0.712970346122697,0.6763371921669096,-5.896802661973035,1.268228002030411e-06
Coal(Brown),Human Health,1593,0.8959014532040307,0.0,0.8026394138530941,0.806078363568539,-3.5004254598672917,0.00031591812279586673
Coal(Brown),Natural Resources,1595,0.8188275395580482,0.0,0.670478539538687,0.766829344649054,1.0962322524610673,12.480507697161515
Coal(Black),Ecosystem Quality,1595,0.8351340179617366,0.0,0.6974488279569139,0.6922874279177132,-6.591557119493432,2.5611963869982884e-07
Coal(Black),Human Health,1593,0.8947896673279684,0.0,0.8006485487568965,0.8331584690683828,-4.34939016369767,4.473112658281876e-05
Coal(Black),Natural Resources,1595,0.8342306289027823,0.0,0.6959407421995323,0.8085281551204986,0.24719664047975076,1.7668376308849765
Chromium,Ecosystem Quality,1595,0.8152857658848907,0.0,0.6646908800545128,0.6205883560876146,-3.0732586616421633,0.0008447755550520826
Chromium,Human Health,1593,0.8705970767660367,0.0,0.7579392700735683,0.7442871343764694,-0.12220194264237483,0.7547411988601995
Chromium,Natural Resources,1595,0.7847700277689769,0.0,0.6158639964845207,0.6984171853235582,4.283131026028418,19192.476876338584
Cerium,Ecosystem Quality,1595,0.6816929211390785,1.9551549191536198e-218,0.4647052387311299,0.5558231985842026,0.7655125379959049,5.827905996029929
Cerium,Human Health,1593,0.6842528584813905,1.9816514786368792e-220,0.4682019743399535,0.6263076610678365,4.079283842726966,12002.83518588884
Cerium,Natural Resources,1595,0.6585275314823255,6.438197725957295e-199,0.4336585097202056,0.6277700146218146,8.625734603104984,422410400.83092254
Cement,Ecosystem Quality,1595,0.8204952570515377,0.0,0.6732124668440684,0.7181765291929193,-6.023817798514882,9.466342237126696e-07
Cement,Human Health,1593,0.8854929914058213,0.0,0.7840978378288302,0.8705505106487823,-3.676742727369567,0.00021050250707548726
Cement,Natural Resources,1595,0.8294638388869922,0.0,0.688010260021146,0.8488507498904607,0.8929881548058898,7.816064863188305
Cadmium,Ecosystem Quality,1595,0.7687748547812001,1.3800447016966e-311,0.591014777343855,0.5646805724833712,-1.7810437815772944,0.016556030523762928
Cadmium,Human Health,1593,0.8299488270363785,0.0,0.6888150554990606,0.684863041301034,1.4681388563035518,29.385890523134957
Cadmium,Natural Resources,1595,0.7702012717982665,1.8940555379e-313,0.5932099990796675,0.6614342114726371,5.875780351752846,751242.8502539446
Borates,Ecosystem Quality,1595,0.7270037030313556,2.197504094738201e-262,0.5285343842213034,0.4752860596651827,-3.88126712625464,0.00013144161112167425
Borates,Human Health,1593,0.7612079104030548,1.5015815629714607e-301,0.5794374828601851,0.5590071962766163,-1.1123537776183603,0.07720514134161273
Borates,Natural Resources,1595,0.6783233287129872,1.7463571022968173e-215,0.4601225382762675,0.5184823219134932,3.3422843880108624,2199.2995634013587
Bauxite,Ecosystem Quality,1595,0.8087433590809168,0.0,0.6540658208574844,0.6533751414734678,-5.478956594844792,3.319276300909699e-06
Bauxite,Human Health,1593,0.8717558087229037,0.0,0.7599581900421235,0.7909780279636319,-3.015122751336073,0.0009657778677405018
Bauxite,Natural Resources,1595,0.7933767911513583,0.0,0.6294467327376262,0.7493938381727282,1.5609672330380446,36.38875802399878
Aluminium,Ecosystem Quality,1595,0.8222169960726321,0.0,0.6760407886307026,0.6755756506501358,-5.481043324974476,3.3033658520013644e-06
Aluminium,Human Health,1593,0.8784796582130869,0.0,0.7717265098941823,0.8106190262872472,-3.010258361891355,0.0009766560351898031
Aluminium,Natural Resources,1595,0.803254298897558,0.0,0.6452174686974078,0.7716481925039612,1.5618382185801114,36.46180957367931
Zirconium,Ecosystem Quality,1595,0.8013544035002312,0.0,0.6421688800092111,0.8203536096003907,-1.7832200277316343,0.016473275902558402
Zirconium,Human Health,1593,0.8134793108786262,0.0,0.6617485892275641,0.9381266024599983,1.2790480705227814,19.01288715211673
Zirconium,Natural Resources,1595,0.7458159719517035,2.4003685409539846e-283,0.556241464018264,0.9037693897555636,5.693529630917996,493775.60627934436
Zinc,Ecosystem Quality,1595,0.7901728247466996,0.0,0.6243730929681783,0.5537951896628154,-4.904003742948853,1.2473727637665516e-05
Zinc,Human Health,1593,0.8592269422525703,0.0,0.7382709382927017,0.6783515092576111,-2.292308586543723,0.0051014239113433705
Zinc,Natural Resources,1595,0.7643560512843854,6.688739743952121e-306,0.5842401731350577,0.6341212109121033,2.254066209902474,179.5007261893059
Water,Ecosystem Quality,1595,0.8234265885751879,0.0,0.678031346772572,0.6250601902624089,-6.931280637653135,1.1714381468713414e-07
Water,Human Health,1593,0.8744736286193128,0.0,0.7647041271506279,0.7482979059257038,-4.719077782252697,1.9095112339888073e-05
Water,Natural Resources,1595,0.8017077995107321,0.0,0.642735395796341,0.7203814892435932,-0.08260119590087367,0.8267968323944566
Waste - Total,Ecosystem Quality,1595,0.8147248693326086,0.0,0.6637766127090361,0.6365062660178061,-7.2405026808667765,5.747742707967508e-08
Waste - Total,Human Health,1593,0.8746038023004069,0.0,0.7649318109983293,0.7700789847147251,-5.119144926862762,7.600725935000546e-06
Waste - Total,Natural Resources,1595,0.8291567260103222,0.0,0.6875008762881565,0.7667924369861961,-0.5625463511889048,0.27381273850236115
Waste - Recycled,Ecosystem Quality,1595,0.8385441049244468,0.0,0.7031562159035418,0.6947158376504294,-5.9390872641789265,1.1505691781722827e-06
Waste - Recycled,Human Health,1593,0.8782096647771699,0.0,0.7712522153080292,0.8196924230329115,-3.512363474475483,0.00030735234112682535
Waste - Recycled,Natural Resources,1595,0.8007902401969611,0.0,0.6412650087947069,0.7853252181296727,1.0844354612177256,12.146061092574177
Waste - Radioactive,Ecosystem Quality,1595,0.7877763150664732,0.0,0.6205915225797112,0.5468084170128343,-4.095541522833772,8.025248279195838e-05
Waste - Radioactive,Human Health,1593,0.8608207337449427,0.0,0.7410123356451813,0.6734323435429475,-1.2973362830027337,0.05042706793632741
Waste - Radioactive,Natural Resources,1595,0.8304225313585942,0.0,0.6896015805880157,0.6823086519760896,3.2596681320847085,1818.3108578665804
Waste - Openly Burned,Ecosystem Quality,1595,0.7803897612124753,0.0,0.6090081794052642,0.6278288033599753,-4.83469017094927,1.4632206751665852e-05
Waste - Openly Burned,Human Health,1593,0.8022507971912477,0.0,0.6436063415939922,0.7271088113663033,-2.2100026012569436,0.006165913087055859
Waste - Openly Burned,Natural Resources,1595,0.7226849598409266,8.088495658561019e-258,0.5222735511802818,0.6882213997278821,2.3315681064462113,214.56955793184272
Waste - Landfilled,Ecosystem Quality,1595,0.8495469491178438,0.0,0.7217300187554363,0.8362170207221438,-7.018889733727401,9.574371313080099e-08
Waste - Landfilled,Human Health,1593,0.8915636827111094,0.0,0.7948858003293958,0.9889165697435213,-4.792465398519751,1.6126295050124592e-05
Waste - Landfilled,Natural Resources,1595,0.8153181489764,0.0,0.6647436840503032,0.9499663261066811,-0.148223706258916,0.7108472599915335
Waste - Incinerated,Ecosystem Quality,1595,0.8123155285446604,0.0,0.6598565179147904,0.6785474660852306,-5.628251093079472,2.353688074647317e-06
Waste - Incinerated,Human Health,1593,0.8481505093992509,0.0,0.7193592865942087,0.79849762634478,-3.143552189896378,0.0007185348056591164
Waste - Incinerated,Natural Resources,1595,0.8164671221544146,0.0,0.6666185615591119,0.8073161886384262,1.3909852974617172,24.60284312652811
Waste - Hazardous %,Ecosystem Quality,1595,-0.02173210310492938,0.3857520237975732,0.0004722843053632797,-0.03199242339740103,-4.906268981879203,1.240883523783739e-05
Waste - Hazardous %,Human Health,1593,-0.022218031763158657,0.375516035349603,0.0004936409354288074,-0.03683039945542298,-2.291746362857786,0.005108032327470609
Waste - Hazardous %,Natural Resources,1595,0.09397210192002536,0.00017101484571937627,0.00883075593926752,0.16375471199628053,2.460652363196485,288.8366924987573
Waste - Hazardous,Ecosystem Quality,1595,0.8078147051984409,0.0,0.6525645979348438,0.6347401923519594,-5.301862196791687,4.990428104273635e-06
Waste - Hazardous,Human Health,1593,0.8676631286579076,0.0,0.7528393048324283,0.7682716069525388,-2.7737839464027845,0.0016835113690335825
Waste - Hazardous,Natural Resources,1595,0.8840868863829678,0.0,0.7816096226743311,0.8222969431316975,1.7339628915585945,54.195458092758535
Waste - Digested,Ecosystem Quality,1595,0.6055592430429161,3.1550403908935524e-160,0.3667019968347093,0.41476885091808763,-4.071316718499208,8.485614178493908e-05
Waste - Digested,Human Health,1593,0.5704865015854547,3.330416330834264e-138,0.3254548484912111,0.4402722785596329,-1.4031532331874605,0.03952271465005039
Waste - Digested,Natural Resources,1595,0.45341951158863925,1.0694204749341072e-81,0.20558925348928014,0.3676200446110807,3.0001518563413545,1000.3497232868141
Waste - Composted,Ecosystem Quality,1595,0.6053885214782023,4.092887503835771e-160,0.36649526193756365,0.4145833251488609,-4.143453603250738,7.186979345499454e-05
Waste - Composted,Human Health,1593,0.5702860919624552,4.362382545953257e-138,0.32522622668581,0.44003523103985326,-1.4797708973221668,0.03313058486395723
Waste - Composted,Natural Resources,1595,0.4532413357509789,1.2579218086855818e-81,0.20542770843333147,0.367414795998948,2.936143318934964,863.2633811724244
Waste - Circularity %,Ecosystem Quality,1595,-0.07389475826734802,0.0031481177474758193,0.0054604352993897765,-0.13525417286028596,-4.89148530550318,1.2838512092660594e-05
Waste - Circularity %,Human Health,1593,-0.14398947457739325,7.807610958361559e-09,0.020732968789073825,-0.2968529989629171,-2.294275125127562,0.005078376259989999
Waste - Circularity %,Natural Resources,1595,-0.23233294064192755,5.4340351186479085e-21,0.053978595307325516,-0.5033815711933064,2.2204416384889747,166.12754166791493
Waste - Carbon Dioxide (Ccs),Ecosystem Quality,1595,0.8532067864392407,0.0,0.7279618204259763,0.8549541091175925,-6.477532981284835,3.3301747126409183e-07
Waste - Carbon Dioxide (Ccs),Human Health,1593,0.8980216934608909,0.0,0.8064429619263663,1.013897316074459,-4.157434810484728,6.959294089314942e-05
Waste - Carbon Dioxide (Ccs),Natural Resources,1595,0.8202864758755644,0.0,0.6728699025043523,0.9729791564318829,0.46353163242391493,2.9075797292201693
Vegetable Oil,Ecosystem Quality,1595,0.7878932609900394,0.0,0.6207757907135186,0.6613105854514428,-3.440856312714031,0.0003623628671389686
Vegetable Oil,Human Health,1593,0.6767354197147645,7.679311765037284e-214,0.4579708282965185,0.6400865237859598,-0.8682216391195983,0.13544979774612836
Vegetable Oil,Natural Resources,1595,0.5590860648705489,7.971438850594844e-132,0.31257722793243525,0.5554772013971128,3.492555128280415,3108.5304669587968
Uranium,Ecosystem Quality,1595,0.7962775678182468,0.0,0.6340579650105425,0.5823094973931667,-3.5653939867122504,0.00027202324263521355
Uranium,Human Health,1593,0.8733169635261566,0.0,0.7626825187825464,0.7198332899875001,-0.6384649156539024,0.22989794241078854
Uranium,Natural Resources,1595,0.8067998874306714,0.0,0.6509260583581442,0.6984007606759061,3.857854960730771,7208.666945457748
Tungsten,Ecosystem Quality,2,1.0,1.0,1.0,1.5658054864543482,-8.618034011149845,2.4097167077870353e-09
Tungsten,Human Health,2,1.0,1.0,1.0,1.122013894474891,-3.9238500719962133,0.00011916533219530582
Tungsten,Natural Resources,2,1.0,1.0,1.0,1.142005720621458,-0.08477733551614675,0.8226643250659325
Titanium,Ecosystem Quality,1595,0.7834985890913624,0.0,0.6138700391081553,0.6503745965697016,-4.2652063206239115,5.429923104206463e-05
Titanium,Human Health,1593,0.8381929071193265,0.0,0.7025673495451477,0.7837910485664422,-1.5218812037058718,0.03006898692931895
Titanium,Natural Resources,1595,0.8048613878967713,0.0,0.6478018537271171,0.7908532916559295,3.0286329536674628,1068.1517434027214
Tin,Ecosystem Quality,1595,0.8019115727212552,0.0,0.6430621704642769,0.6709955589718408,-4.211586932960798,6.143460454176296e-05
Tin,Human Health,1593,0.8780360364021007,0.0,0.7709472812207111,0.827758863521527,-1.4386149396520107,0.03642378387331561
Tin,Natural Resources,1595,0.7906138528322629,0.0,0.625070264290275,0.7830816855495369,3.061462628664285,1152.0269228597747
Tellurium,Ecosystem Quality,1595,0.7813418767406559,0.0,0.6104951283486104,0.6304792515415987,-1.8442459409932885,0.014313770807781847
Tellurium,Human Health,1593,0.8532720232091008,0.0,0.7280731455913523,0.7761845922109112,1.47373194320978,29.766785861260356
Tellurium,Natural Resources,1595,0.8020423304452456,0.0,0.6432718998260407,0.7660841382578732,5.969743280521257,932702.7999832793
Tantalum,Ecosystem Quality,1595,0.7804000095043813,0.0,0.6090241748344382,0.6138914143682521,-3.202467589682569,0.0006273825142342754
Tantalum,Human Health,1593,0.8543130286623183,0.0,0.7298507509421829,0.7574211240768146,-0.19370767447643056,0.6401655887653852
Tantalum,Natural Resources,1595,0.805742889253264,0.0,0.6492216035821974,0.7502746236029149,4.331217991888516,21439.664840648304
Strontium,Ecosystem Quality,1595,0.7729595093619364,4.338341e-317,0.5974664031130457,0.5282947409484842,-3.073286971850764,0.000844720488746378
Strontium,Human Health,1593,0.846339206004735,0.0,0.7162900516207249,0.6516035209966818,-0.03452251868030087,0.9235862981409071
Strontium,Natural Resources,1595,0.7585470447122772,1.2937225069632528e-298,0.575393619041729,0.6136935321657142,4.380201280184028,23999.44951195568
Silver,Ecosystem Quality,1595,0.8140131574866748,0.0,0.6626174205614259,0.7094592915173048,-2.760017738250446,0.0017377298517554185
Silver,Human Health,1593,0.8622691834318881,0.0,0.7435081446962949,0.8467329085681073,0.2672785327602569,1.8504550192718503
Silver,Natural Resources,1595,0.7799233777210626,0.0,0.6082804751158313,0.8046323271370125,4.68600438867195,48529.340416822335
Silicon,Ecosystem Quality,1595,0.7717984493332829,1.49912233e-315,0.5956728463932599,0.5952197664309724,-4.290154380402335,5.126791074962486e-05
Silicon,Human Health,1593,0.8470258298153889,0.0,0.7174527563744484,0.7362980425171449,-1.5338748531325235,0.02924995126845518
Silicon,Natural Resources,1595,0.7854346199758214,0.0,0.6169075422565631,0.7170228005225914,2.9916758222337405,981.0153937576955
Selenium,Ecosystem Quality,1595,0.658258518232004,1.0598280727892817e-198,0.43330427682499373,0.48923309427499617,0.15293632568897042,1.422120266935483
Selenium,Human Health,1593,0.6683284478884778,1.057008463925422e-206,0.446662914257022,0.5598663504826156,3.4970135647665757,3140.6067861487013
Selenium,Natural Resources,1595,0.6013213777019153,1.92523237068322e-157,0.36158739928132944,0.5290241107633191,7.724288115914296,53001494.524554424
Sand,Ecosystem Quality,1595,0.7707474920135601,3.6358264415e-314,0.5940516964451926,0.679419767436112,-6.022419489918478,9.496870371150236e-07
Sand,Human Health,1593,0.8436324527099692,0.0,0.7117157152654385,0.8381446278873657,-3.6727298224665796,0.00021245657576859824
Sand,Natural Resources,1595,0.7900324746526766,0.0,0.6241513110058322,0.8243667833900238,0.8949222781768493,7.850951205418531
Rhodium,Ecosystem Quality,1595,0.7594476400738375,9.903549278063796e-300,0.5767607180137204,0.6313750732593775,1.6045648747163819,40.2313748958972
Rhodium,Human Health,1593,0.7719905018752444,2.069370875e-315,0.5959693349855919,0.722811100578668,5.161672588292545,145101.7292897776
Rhodium,Natural Resources,1595,0.695638219674694,4.3874210161442976e-231,0.4839125326721777,0.6845773288715448,9.312965748548164,2055728460.6958952
Rare Earth,Ecosystem Quality,1595,0.7387655677471108,2.8102261902458423e-275,0.5457745640887106,0.4774685229680367,-3.9104575898675975,0.00012289731935627814
Rare Earth,Human Health,1593,0.7987085497413146,0.0,0.6379353474298739,0.5815343295594957,-1.0820273612946154,0.08278900035840848
Rare Earth,Natural Resources,1595,0.8215304766848104,0.0,0.6749123241219717,0.6285086544405919,3.5565736692120025,3602.248500202262
Platinum,Ecosystem Quality,1595,0.8447046753702071,0.0,0.7135259885922868,0.7770494476991404,-3.956474412361349,0.00011054155960256674
Platinum,Human Health,1593,0.8764107914387078,0.0,0.7680958753502222,0.9083176752988018,-1.1831540676459342,0.06559125375169463
Platinum,Natural Resources,1595,0.7965711655840748,0.0,0.6345256218399711,0.8673968135312662,3.3126604083089166,2054.2836437803126
Phosphate Rock,Ecosystem Quality,1595,0.7243504378088043,1.4368121005142292e-259,0.5246835567538062,0.5051856576685301,-4.931532346315396,1.1707594007445494e-05
Phosphate Rock,Human Health,1593,0.6710765714255789,5.205344633821388e-209,0.4503437647163101,0.5273141214835645,-2.3147015704437663,0.004845051855371038
Phosphate Rock,Natural Resources,1595,0.5302999157409707,2.2657554926606794e-116,0.28121800063488056,0.43779754923071823,2.2388777915999607,173.331618219949
Petroleum,Ecosystem Quality,1595,0.8302820183488857,0.0,0.6893682299934997,0.806579303961274,-6.401530264737176,3.9670688260321184e-07
Petroleum,Human Health,1593,0.86248648390647,0.0,0.743882934921345,0.9440176114996613,-4.043527346973583,9.04633472320393e-05
Petroleum,Natural Resources,1595,0.8351698113768584,0.0,0.6975086138352579,0.9603857601689525,0.4695557163236366,2.9481916805035695
Palladium,Ecosystem Quality,1595,0.7758801935451409,5.326e-321,0.6019900747356456,0.5901509285581505,-1.541052968738963,0.028770474941558006
Palladium,Human Health,1593,0.8476034593171994,0.0,0.718431624246483,0.7265775396884736,1.8474444622550577,70.3792220962323
Palladium,Natural Resources,1595,0.804263872149554,0.0,0.6468403760449941,0.7241298868096666,6.377938497701422,2387473.1586895566
Natural Gas,Ecosystem Quality,1595,0.7654940335320618,2.361458588553155e-307,0.585981115373185,0.6039056418780122,-6.08979556256279,8.132132336803507e-07
Natural Gas,Human Health,1593,0.8371370440852084,0.0,0.7007984305797201,0.7443761864482963,-3.7546386737522672,0.0001759386787622143
Natural Gas,Natural Resources,1595,0.8326967888818181,0.0,0.6933839422140908,0.7776132451881319,0.7227537907260342,5.281457516575108
Magnesium,Ecosystem Quality,1595,0.7784856428148004,0.0,0.6060398960687727,0.633275724819114,-4.390323549550121,4.070768923711914e-05
Magnesium,Human Health,1593,0.84244026443664,0.0,0.7097055991440757,0.7720557726611355,-1.6651550796613135,0.021619463891607238
Magnesium,Natural Resources,1595,0.7862485885994469,0.0,0.618186843074622,0.7570971207460161,2.866612400869533,735.5503405140053
Lithium,Ecosystem Quality,1595,0.7393444168724885,6.254648528738983e-276,0.54663016676052,0.6517377955397754,-3.9778012905372866,0.00010524433043184391
Lithium,Human Health,1593,0.7463141610703224,1.4252642747091286e-283,0.556984827014099,0.7410926411732462,-1.236287154761103,0.058038054401407
Lithium,Natural Resources,1595,0.710661589136561,1.4927795260648495e-245,0.5050398942741019,0.7415465776616994,3.3081240063676725,2032.9374032868136
Lead,Ecosystem Quality,1594,0.8029255300373276,0.0,0.6446894067857233,0.6576214160739016,-4.422547436255166,3.7796585134372665e-05
Lead,Human Health,1592,0.8438752813881547,0.0,0.7121254905379368,0.7783647119172421,-1.720979627076419,0.01901167462338869
Lead,Natural Resources,1594,0.7358685867646088,7.211761077673025e-272,0.5415025769869428,0.7133442775034594,2.7778688722958824,599.6100070550827
Latex,Ecosystem Quality,1595,0.7621398395793143,4.2650867554883855e-303,0.5808571350739828,0.607908799661,-3.115920202643585,0.000765737290711727
Latex,Human Health,1593,0.8075974096885682,0.0,0.6522135761356849,0.725609869703983,-0.15696975692121473,0.6966750269632422
Latex,Natural Resources,1595,0.7041458676829513,3.641697463293286e-239,0.4958214029749759,0.6648380748576587,4.211199792633544,16262.967444908276
Indium,Ecosystem Quality,1595,0.7625216786393975,1.4090025161933648e-303,0.5814393103950445,0.5948765560361811,-3.6742528682140962,0.0002117128077257483
Indium,Human Health,1593,0.8425043047989228,0.0,0.7098135036047162,0.7408977426174023,-0.7619059333479552,0.17301910719128055
Indium,Natural Resources,1595,0.7832636288116261,0.0,0.6135019122191568,0.7233227111786945,3.7471393587651036,5586.494284322945
Hydrogen,Ecosystem Quality,1595,0.783826034599392,0.0,0.6143832525158073,0.7103296581102202,-4.820388172182237,1.5122090325738419e-05
Hydrogen,Human Health,1593,0.8036414002134439,0.0,0.6458395001370248,0.8205145619456702,-2.1936374157412857,0.006402691610297226
Hydrogen,Natural Resources,1595,0.7714750814233337,4.00594898e-315,0.5951738012571395,0.8275831680916179,2.3508608062725074,224.31628627424564
Holmium,Ecosystem Quality,4,0.990093509515611,0.009906490484389074,0.9802851575849395,0.2483875335372884,-3.643697858828906,0.00022714445593699265
Holmium,Human Health,4,0.953319264804823,0.046680735195177014,0.9088176206480084,0.19376594237830608,-0.8471384772792443,0.14218753417505475
Holmium,Natural Resources,4,0.9999304707066227,6.952929337744607e-05,0.9998609462475682,0.9262935040731682,5.50578830869384,320470.6850251389
Helium,Ecosystem Quality,1595,0.7364841626079447,1.0086452160452253e-272,0.5424089217723255,0.5097430139327621,-3.0354141896704707,0.0009216919837950456
Helium,Human Health,1593,0.8018381359873334,0.0,0.6429443963236416,0.625386183139731,-9.220756245520434e-05,0.999787706778625
Helium,Natural Resources,1595,0.7900675679220872,0.0,0.6242067618823219,0.6472940088116466,4.622998022876379,41975.707304452335
Graphite,Ecosystem Quality,1595,0.76894036608801,8.403718721735e-312,0.591269286599563,0.5961241868970292,-3.5032638652830044,0.0003138601187421593
Graphite,Human Health,1593,0.8416470790247628,0.0,0.7083698056309149,0.7353142950885121,-0.565154166001754,0.2721734974173614
Graphite,Natural Resources,1595,0.7747998991756777,1.51273e-319,0.6003148837626403,0.7110221350052076,3.923302181109113,8381.122358749228
Gold,Ecosystem Quality,1595,0.7584929883010096,1.5089451967611497e-298,0.5753116133017955,0.5468182106018697,-2.4680545846273554,0.0034036540793121145
Gold,Human Health,1593,0.8280076913566793,0.0,0.685596736945818,0.6726809100899825,0.7038601265533968,5.056617770263393
Gold,Natural Resources,1595,0.7994189154702611,0.0,0.6390706024116488,0.6822056339090883,5.289942834570936,194958.79619875166
Gallium,Ecosystem Quality,1595,0.7882368106995499,0.0,0.6213172697417975,0.6318636068922472,-0.9662197827170194,0.10808868101970387
Gallium,Human Health,1593,0.862914338514694,0.0,0.7446211556142524,0.7797762335836815,2.566341341772418,368.418425146184
Gallium,Natural Resources,1595,0.812157077983548,0.0,0.6595991193187748,0.7706481599752635,7.054435426816882,11335362.854503866
Gadolinium,Ecosystem Quality,4,0.9900935095156119,0.009906490484388186,0.9802851575849414,0.2483875335372894,-3.8499109170442876,0.00014128273155757803
Gadolinium,Human Health,4,0.953319264804825,0.046680735195175016,0.9088176206480126,0.1937659423783071,-1.0080043105470697,0.0981738198825909
Gadolinium,Natural Resources,4,0.9999304707066224,6.952929337744607e-05,0.9998609462475679,0.9262935040731707,4.736772997982628,54547.2672656625
Fluorspar,Ecosystem Quality,1595,0.7590105554853385,3.4518857701238833e-299,0.5760970233381619,0.5294142563575412,-4.556097609168605,2.7790885879073735e-05
Fluorspar,Human Health,1593,0.8149586708238858,0.0,0.6641576351510344,0.640491612603518,-1.8711460800640434,0.013454077342007974
Fluorspar,Natural Resources,1595,0.8136032664439744,0.0,0.6619502751683052,0.6717535690083933,2.691656552452118,491.6505761698041
Europium,Ecosystem Quality,4,0.9900935095156111,0.009906490484388852,0.9802851575849396,0.24838753353728907,-3.6304354763830733,0.00023418793849635632
Europium,Human Health,4,0.9533192648048233,0.04668073519517657,0.9088176206480089,0.19376594237830663,-0.8367925553394356,0.145615445975008
Europium,Natural Resources,4,0.9999304707066228,6.952929337722402e-05,0.9998609462475682,0.9262935040731703,5.555246743797891,359125.91357606987
Erbium,Ecosystem Quality,4,0.9900935095156117,0.009906490484388186,0.9802851575849408,0.24838753353728893,-3.745580616579269,0.0001796467577171743
Erbium,Human Health,4,0.9533192648048244,0.04668073519517568,0.9088176206480114,0.19376594237830672,-0.9266167356542204,0.11840860492564252
Erbium,Natural Resources,4,0.9999304707066226,6.952929337744607e-05,0.999860946247568,0.9262935040731695,5.125844374562969,133611.66456291522
Electricity,Ecosystem Quality,1595,0.7906222591804429,0.0,0.6250835567115873,0.5987522780348535,-6.034258679012606,9.241475595572094e-07
Electricity,Human Health,1593,0.8759962016031054,0.0,0.7673693452230684,0.7475663628925566,-3.704589462086381,0.00019742881458748322
Electricity,Natural Resources,1595,0.7735503692429478,7.09341e-318,0.5983801737559009,0.6934517073796416,0.94464042426852,8.803197072163096
Dysprosium,Ecosystem Quality,4,0.9900935095156119,0.009906490484388186,0.980285157584941,0.24838753353728932,-3.817621565024965,0.00015218730799554402
Dysprosium,Human Health,4,0.9533192648048249,0.04668073519517524,0.9088176206480119,0.193765942378307,-0.9828155394613838,0.10403619512649948
Dysprosium,Natural Resources,4,0.9999304707066227,6.952929337744607e-05,0.9998609462475679,0.9262935040731708,4.857187322326085,71975.9361696064
Copper,Ecosystem Quality,1593,0.7936458025975324,0.0,0.6298736599806817,0.6040079581018866,-5.2145817337728175,6.101242210909558e-06
Copper,Human Health,1591,0.8826626591765987,0.0,0.7790933699047045,0.7566793138088067,-2.6827846226327323,0.0020759427735458713
Copper,Natural Resources,1593,0.7932218172089052,0.0,0.6292008512961983,0.7150753700817661,1.8861804305335743,76.9450047034852
Coke,Ecosystem Quality,1595,0.8264265048488496,0.0,0.6829807679166853,0.742845473874496,-6.601880939840451,2.50103091571408e-07
Coke,Human Health,1593,0.876291212167203,0.0,0.7678862885214659,0.8873037655779703,-4.319469881138131,4.792146858896584e-05
Coke,Natural Resources,1595,0.8015517164384264,0.0,0.6424851541253873,0.852855148056192,0.3046517013284633,2.016748308349291
Cobalt,Ecosystem Quality,1595,0.7654477627062986,2.7063691993466457e-307,0.5859102774320779,0.6957177846951197,-3.0271877356532264,0.0009393171772810817
Cobalt,Human Health,1593,0.7815874668906867,0.0,0.6108789684006004,0.8002761426087759,-0.13108689324045253,0.7394573103179498
Cobalt,Natural Resources,1595,0.730396285284912,4.932582361918117e-266,0.5334787335579985,0.7858245377272898,4.374443842958566,23683.38870689869
Coal(Brown),Ecosystem Quality,1595,0.8245843346709982,0.0,0.6799393249848129,0.6823676693932514,-5.566073353984796,2.715980490691874e-06
Coal(Brown),Human Health,1593,0.8762486164849628,0.0,0.7678116378918116,0.8169562605648102,-3.0842905247988353,0.0008235869855312027
Coal(Brown),Natural Resources,1595,0.7746115477365373,2.7061e-319,0.6000230498867938,0.7587816359026587,1.5188849590368867,33.02820405078583
Coal(Black),Ecosystem Quality,1595,0.8057535942376065,0.0,0.6492388546268214,0.6781300467254407,-6.236027126919838,5.807281429232197e-07
Coal(Black),Human Health,1593,0.8774179580411994,0.0,0.7698622730931879,0.8320738565021519,-3.927111749390714,0.00011827371835281496
Coal(Black),Natural Resources,1595,0.8188562430194797,0.0,0.6705255467319773,0.8157702876471161,0.6498784533841704,4.465585956694728
Chromium,Ecosystem Quality,1595,0.7964038395514821,0.0,0.6342590756523423,0.6095387479346827,-3.0852273486600352,0.0008218123270865561
Chromium,Human Health,1593,0.8678034394954048,0.0,0.7530828096000547,0.7485328068900824,-0.05935170926498756,0.872264686997604
Chromium,Natural Resources,1595,0.7804587497165519,0.0,0.6091158600091235,0.7070781384980837,4.363419995252546,23089.79064835513
Cerium,Ecosystem Quality,1595,0.7284040959106173,6.957667046654266e-264,0.5305725269393635,0.6414737831260912,0.5422434279424939,3.4853261755135905
Cerium,Human Health,1593,0.7384103866593279,1.551591855053317e-274,0.5452498991263779,0.7324945182290913,3.929475551743285,8501.10835538256
Cerium,Natural Resources,1595,0.7115037411227256,2.1649075062058954e-246,0.5062375736316347,0.7417084091719784,8.55097742376468,355612832.0166813
Cement,Ecosystem Quality,1595,0.8018430788553195,0.0,0.6429523231081776,0.7003852999581742,-5.867012101359598,1.3582755985113872e-06
Cement,Human Health,1593,0.8792261998851357,0.0,0.7730387105644566,0.8654795234488787,-3.483103834248701,0.00032877301606084946
Cement,Natural Resources,1595,0.8212058534889192,0.0,0.6743790538044641,0.849081065624799,1.0845118816655817,12.148198557215498
Cadmium,Ecosystem Quality,1595,0.7430710558708132,3.573250629606419e-280,0.5521545940729649,0.5676937150621287,-2.2461028467304556,0.005674102191830222
Cadmium,Human Health,1593,0.8197052951240322,0.0,0.6719167708543765,0.7059072902624131,1.011600222709672,10.270704227160463
Cadmium,Natural Resources,1595,0.7611138009160905,8.278981556664205e-302,0.5792942179449385,0.6883080053551618,5.47457572531119,298246.753747887
Borates,Ecosystem Quality,1595,0.7102411955829477,3.90360209190138e-245,0.5044425559030947,0.4790507387120365,-3.8572799420192965,0.000138905696989959
Borates,Human Health,1593,0.7564916690394413,1.0226900873461756e-295,0.5722796453260797,0.5750483710504508,-1.0353605123604073,0.0921805908806737
Borates,Natural Resources,1595,0.6702458614702559,1.43656963880681e-208,0.44922951481800544,0.5351299758105857,3.4241940448320083,2655.7919173318296
Bauxite,Ecosystem Quality,1595,0.7888592344328035,0.0,0.6222988917499083,0.6406574501690308,-5.397305173825611,4.0058513205905425e-06
Bauxite,Human Health,1593,0.867500159918054,0.0,0.752556527457849,0.7939321131990168,-2.9044753020274117,0.0012460190953444967
Bauxite,Natural Resources,1595,0.786384332780252,0.0,0.618400318842242,0.7559806893774983,1.6708783754072847,46.868210888337174
Aluminium,Ecosystem Quality,1595,0.8021052871078247,0.0,0.6433728916063262,0.6614027434802965,-5.399788357905938,3.983012249845897e-06
Aluminium,Human Health,1593,0.8741891322940658,0.0,0.7642066390210513,0.8122931883282246,-2.9016809063047746,0.0012540622467047478
Aluminium,Natural Resources,1595,0.7963157289132048,0.0,0.634118740114569,0.7772654968598699,1.6704933780917606,46.826681141758876
