;activity type;database;location;name;reference product;unit;code;Total (kg);Total (m3);Hazardous (kg);Hazardous (m3);acidification: terrestrial;climate change: freshwater ecosystems;climate change: terrestrial ecosystems;ecotoxicity: freshwater;ecotoxicity: marine;ecotoxicity: terrestrial;eutrophication: freshwater;eutrophication: marine;land use;photochemical oxidant formation: terrestrial ecosystems;water use: aquatic ecosystems;water use: terrestrial ecosystems;climate change: human health;human toxicity: carcinogenic;human toxicity: non-carcinogenic;ionising radiation;ozone depletion;particulate matter formation;photochemical oxidant formation: human health;water use: human health;energy resources: non-renewable, fossil;material resources: metals/minerals;ecosystem quality;human health;natural resources
5af832f3a4c6b4a56b3f0197bcd8cf94;market activity;ecoinvent-3.9.1-cutoff;RoW;market for methylamine;methylamine;kilogram;5af832f3a4c6b4a56b3f0197bcd8cf94;0.8716093289715813;0.0018746113278351561;0.003990326586546561;3.006011790199768e-08;2.085132078711908e-09;2.903270335982352e-13;1.0632005992298498e-08;6.177694631814563e-11;1.2460575361853161e-11;9.378830176002188e-11;4.711340943524809e-10;1.2072178752142688e-12;4.0809689154657796e-10;9.153512203816407e-10;3.0640640914359014e-14;6.848487996143474e-10;3.522560244947471e-06;4.673618969601972e-07;4.348590429860747e-07;4.637928794296277e-10;2.9007952593334e-10;2.2802087804955277e-06;5.891248549870064e-09;1.12619575534908e-07;0.4691475125611988;0.007933244964697972;1.4681153459448822e-08;6.824214725051306e-06;0.47708075821074564
0352c8beb3a44e9bde436ac42da9f2b0;market activity;ecoinvent-3.9.1-cutoff;RoW;market for hydroxylamine;hydroxylamine;kilogram;0352c8beb3a44e9bde436ac42da9f2b0;40.79367499103666;0.021304899549749352;0.01943843418595919;5.772855649427446e-07;5.623303829492823e-08;1.491470923471459e-12;5.461087951338277e-08;6.648376710068779e-10;1.3495347435165062e-10;9.245000796081423e-10;3.684407027602378e-09;4.896900125185357e-11;2.731099541504053e-09;5.243513732941484e-09;1.93532016186311e-13;4.325633048688212e-09;1.809523155815598e-05;3.2813633738381294e-06;5.520899446265307e-06;8.843642633757206e-09;2.55100272928227e-09;5.322829800670441e-05;3.560318254351796e-08;7.11326292953074e-07;1.217880554459516;0.08727008002159292;1.2427665781958749e-07;8.088371090824241e-05;1.305150638806742
bff3734b8a2f701e630b277be86c75cc;market activity;ecoinvent-3.9.1-cutoff;RoW;market for phenolic resin;phenolic resin;kilogram;bff3734b8a2f701e630b277be86c75cc;1.5284972684724314;0.0014745804000514775;0.010597414482206819;6.248629362279942e-08;2.3446419577975468e-09;3.042078136849305e-13;1.1141535778136547e-08;9.485191628302828e-11;1.8585689604226796e-11;1.5172756324437503e-10;5.792069399053135e-10;1.1100250253095293e-13;4.183316267519897e-10;1.2662383888060972e-09;2.889330816536701e-14;6.457941747773966e-10;3.691118427221265e-06;6.496445828191412e-07;6.113322835440686e-07;9.67368820283102e-10;2.727347316056261e-10;3.2053680485850736e-06;8.148921543372546e-09;1.0619725972696724e-07;0.7579278667609719;0.006948785962959143;1.6015387179092407e-08;8.272991140109077e-06;0.7648766533697253
071c1d06be86bcac5ce6df770846da52;market activity;ecoinvent-3.9.1-cutoff;GLO;market for mandarin, processing grade;mandarin, processing grade;kilogram;071c1d06be86bcac5ce6df770846da52;2.0299969098230086;0.0005547743320333737;0.0011300632319500945;8.965828830550815e-09;2.3855036705993044e-09;7.42351758622515e-14;2.717421039683979e-09;4.5018984165418595e-11;4.6011345309175875e-12;5.2783574834258176e-11;1.2662999236805986e-10;2.6666048780730026e-12;8.354507482647918e-09;4.932652232069967e-10;1.3049690962811336e-13;2.9167357224017466e-09;9.010074795146319e-07;1.135350044051167e-07;2.82533520979285e-07;1.3828640515407033e-10;4.313202545737875e-09;1.470929542940561e-06;3.399384682030025e-09;4.796409648222535e-07;0.05053917019638218;0.0028247033775857192;1.4150622053849892e-08;3.2448984575869505e-06;0.053363876490703635
2becdfda6ad89a83d56231acb50ff1e0;market activity;ecoinvent-3.9.1-cutoff;GLO;market for barium sulfide;barium sulfide;kilogram;2becdfda6ad89a83d56231acb50ff1e0;0.7388040766253511;0.0006852039322513125;0.0011289855704624938;3.328967526964763e-08;8.197691194368103e-10;1.1356763412500281e-13;4.158214841868108e-09;5.272095010343435e-11;1.0664100773769223e-11;6.699640960897696e-11;3.165517043095476e-10;6.025399712151211e-14;2.3297892385719324e-10;5.193780205142141e-10;2.734964659504837e-14;6.112918033551298e-10;1.3778429362073243e-06;2.496061017678237e-07;5.050024430852672e-07;5.138676933614363e-10;1.5017274634751598e-10;1.376828414175235e-06;3.440607649231229e-09;1.0052353667056192e-07;0.06986039072842407;0.003903660927844613;6.177384681572703e-09;3.6138781083613862e-06;0.07376405226756048
303ceb4a91057559fed5cb1c3bf29149;market activity;ecoinvent-3.9.1-cutoff;GLO;market for potentiometer, unspecified;potentiometer, unspecified;kilogram;303ceb4a91057559fed5cb1c3bf29149;8.479670567373653;0.11058801355298707;0.02798000205796472;2.0053803712602953e-06;3.130676204868371e-08;2.7918681963233155e-12;1.022258441163021e-07;2.3238061418924046e-09;4.567341255522811e-10;3.2534987152403495e-09;1.1614166764853863e-08;2.54323456870688e-12;5.811686449903239e-09;1.14647689235072e-08;1.5597442236723256e-13;3.48618347205271e-09;3.3872420304305056e-05;6.896993409952869e-06;1.4610754542723664e-05;3.0918511079553454e-08;6.68278553561722e-09;4.919892523288741e-05;7.781908396447096e-08;5.732834796242268e-07;2.1560169582097375;0.11047691866395801;1.6845741347638274e-07;0.00010526602699279284;2.266493880359879
087d2f214dbd5a86d7be12d8a921ef94;market activity;ecoinvent-3.9.1-cutoff;RoW;market for laterite, mineral;laterite, mineral;kilogram;087d2f214dbd5a86d7be12d8a921ef94;0.027439433564665036;1.952713399599593e-05;7.484285523066522e-05;9.722519507635868e-10;3.235492104360991e-11;2.253988722913123e-15;8.252774404792402e-11;4.586934866614212e-13;9.933232910807645e-14;1.7607238124846967e-12;4.066844313599788e-12;1.4217153266361462e-15;7.888838149358808e-11;2.7688562110782623e-11;3.36663438203087e-16;7.524762689261338e-12;2.7346595800658204e-08;4.625337797427217e-09;4.038246278793814e-09;1.502054678134717e-11;9.331691407344015e-12;4.609992225931902e-08;1.9027147238464103e-10;1.2374053667652379e-09;0.0026554491190173965;7.822472498325044e-05;2.2784661695145435e-10;8.35612704985022e-08;0.00273367385152541
79e04f0f782eea0d15225b8a6887e916;market activity;ecoinvent-3.9.1-cutoff;GLO;market for resistor, surface-mounted;resistor, surface-mounted;kilogram;79e04f0f782eea0d15225b8a6887e916;15.938043470869175;0.1384336652067393;0.06147693995756806;2.695511777994256e-06;6.593725719228292e-07;4.421661149858028e-12;1.618857219969113e-07;1.4766220457461984e-08;3.213839143453968e-09;3.0886889095003497e-09;3.534083767311878e-08;4.5900455743523855e-12;1.3469616676444016e-08;4.9058438181721385e-08;2.292191767165243e-13;5.123276580984814e-09;5.364546596832727e-05;1.8864885829553465e-05;0.0001360554335737904;4.180820014736937e-08;2.6560981903216278e-08;0.0005911986842455798;3.3736148605071476e-07;8.424943348420183e-07;3.119319016841497;1.207619312237676;9.401993115744381e-07;0.0008010107530135342;4.326938334202449
9eabe293c2b234a56febae8b0c24fd96;market activity;ecoinvent-3.9.1-cutoff;GLO;market for fraction 1 from naphtha separation;fraction 1 from naphtha separation;kilogram;9eabe293c2b234a56febae8b0c24fd96;0.5607127118051173;0.0008604599984008044;0.005945077480905392;1.45529829287629e-08;9.024025168047834e-10;1.0702813809104047e-13;3.9218384271434405e-09;3.4272416149823735e-11;7.1515854083740994e-12;6.198684274008234e-11;1.2088168430709193e-10;1.736644559583535e-13;2.34535355014677e-10;9.647614024176822e-10;8.2816885547878e-15;1.8510397616612494e-10;1.2988623450164693e-06;2.454716975338276e-07;2.2073036748730375e-07;2.2081341855544072e-10;1.5790286625606917e-10;1.006656525989816e-06;5.2009459237773115e-09;3.043931921526579e-08;0.6327422523967435;0.005948789011486471;6.248084846522721e-09;2.807728560348725e-06;0.6386910415933341
d7ba469b432cb3dae0286448f9499d62;market activity;ecoinvent-3.9.1-cutoff;GLO;market for backlight, for liquid crystal display;backlight, for liquid crystal display;kilogram;d7ba469b432cb3dae0286448f9499d62;21.97344264086571;0.2823305465738664;0.11531523341119973;1.407924989429898e-07;1.4434609292072712e-08;9.118514808514987e-13;3.3395219811927074e-08;1.2106490767521316e-09;2.3747775482359403e-10;1.6766407113220697e-09;2.302430337585108e-09;1.0804070046875297e-12;3.831493754291753e-09;7.563076665113273e-09;4.4421439335253315e-14;9.928633507020816e-10;1.1063942390665184e-05;4.059896115986797e-06;6.189348657652121e-06;2.1648670740707818e-09;1.0839004246389637e-09;1.5351430929041578e-05;5.172523267103342e-08;1.632708550897669e-07;1.158185812320112;0.056511185292611205;6.465327964549748e-08;3.688274570785686e-05;1.214696998605587
337fe94cb0f08d27a8bdd716406f11a7;market activity;ecoinvent-3.9.1-cutoff;GLO;market for chipper, mobile, diesel;chipper, mobile, diesel;unit;337fe94cb0f08d27a8bdd716406f11a7;150424.1269452315;3078.7640041905365;275.20548159235375;0.008295238768569586;0.0001679355725667674;2.0483418148298856e-08;0.0007500088277985265;2.1776676327735864e-05;4.388267755795352e-06;1.772676072691946e-05;7.760428582810371e-05;2.4712974959859565e-08;4.319231046832948e-05;8.465101607491313e-05;1.089445622236754e-09;2.4350193219499593e-05;0.24851488850750045;0.6991821347369962;0.09874352282304516;0.00012798125473537848;3.130666121873473e-05;0.3105720252260217;0.0005657361369945936;0.004004253823788973;13898.471869424327;9653.102025332633;0.0011673082704988186;1.3617346535397137;23551.573919107148
74a3370cdca748e28115aa91a34f81d9;market activity;ecoinvent-3.9.1-cutoff;GLO;market for amidosulfuron;amidosulfuron;kilogram;74a3370cdca748e28115aa91a34f81d9;9.451867528314565;0.026915371408355645;2.690967912618147;5.307691038778042e-07;6.077656630665368e-08;1.0886936158493205e-12;3.986463622304646e-08;6.656667315007383e-10;1.301162236859609e-10;1.0419067080987632e-09;5.3717610629616186e-08;2.3503792092453707e-11;2.7712027107057815e-09;3.822921334820819e-09;1.0787908861529068e-13;2.4112049270826154e-09;1.3208824504274537e-05;3.448260715786018e-06;4.219950915776883e-06;8.091514488961925e-09;2.785334310628862e-09;5.7133108493770334e-05;2.5666192334155343e-08;3.965092376136714e-07;1.1094569637793894;0.12027928686579537;1.6281358504273882e-07;7.844261991803394e-05;1.2297362530563896
d3fdb6a6f34f19a64d390faf72e223d5;market activity;ecoinvent-3.9.1-cutoff;GLO;market for hydropower plant, reservoir;hydropower plant, reservoir;unit;d3fdb6a6f34f19a64d390faf72e223d5;539193923055.9591;43886835.312946446;21569402.65175751;266.5324438883426;9.24662755240153;0.0013061548425358476;47.81930508033819;0.36952101006093563;0.07832571334419151;0.8794132503026649;2.291821207355056;0.0007067572871620172;2.726034082028157;7.124926238993308;3.696875913762428e-05;0.8262885358500851;15846.250282423198;15555.027466998457;2564.5473753697925;4.115048643521312;2.577269413197045;17325.192845527585;48.75745018124111;135.87855338170863;868902529.224658;191397514.84951037;70.53729548968947;51482.10526718543;1060300044.9004568
89c6fb85e02af51aeb9e212c7d9fb41f;market activity;ecoinvent-3.9.1-cutoff;RoW;market for rosin size, for paper production;rosin size, for paper production;kilogram;89c6fb85e02af51aeb9e212c7d9fb41f;2.1095207381601755;0.19059903093626734;0.0025793244973430305;5.906809662698002e-08;2.513833876602666e-09;5.207146215963303e-13;1.9060232290159158e-08;1.1536520725537855e-10;1.754180422895818e-11;1.5561689587882705e-10;1.7390410071866154e-08;8.586375698760314e-12;2.411714859446327e-08;9.959980877059284e-10;1.2097672978217703e-13;2.7039502340751346e-09;6.317632065517576e-06;5.227655438773038e-07;6.94174462745639e-07;8.943307773867468e-10;5.947441828139362e-09;3.298647197883569e-06;6.6077667014458385e-09;4.446495749142541e-07;0.11838951167213255;0.020967968516189407;6.431688469849931e-08;1.1271933783343339e-05;0.1393574828922722
ce2347e862ef8b9811a7efc3e7cefa81;market activity;ecoinvent-3.9.1-cutoff;GLO;market for gypsum plasterboard;gypsum plasterboard;kilogram;ce2347e862ef8b9811a7efc3e7cefa81;0.1988269469618013;0.0002734339104108684;0.00031650850580423477;8.38980344263547e-09;3.668021939793583e-10;3.600923982346139e-14;1.3183686587123305e-09;5.714829268187515e-12;1.183731935323171e-12;1.3052646093620982e-11;7.388737453221911e-11;6.659774805221779e-14;4.746409587010747e-10;1.6076207860683347e-10;1.5858787092767935e-15;3.5445966467143765e-11;4.3688027754021933e-07;5.115816762635348e-08;6.413059562092798e-08;1.2939190300464932e-10;8.719250241219048e-11;5.121143247858435e-07;1.1037334534145879e-09;5.828892012663583e-09;0.022474615420943714;0.0012454203613119633;2.4144774703894708e-09;1.0714195981511786e-06;0.023720035817701643
72c62cd3c9600f3a70bbc76a2f78d62b;market activity;ecoinvent-3.9.1-cutoff;RoW;market for sawlog and veneer log, azobe, debarked, measured as solid wood;sawlog and veneer log, azobe, debarked, measured as solid wood;cubic meter;72c62cd3c9600f3a70bbc76a2f78d62b;168.09059736624317;0.11762285364109223;0.7934972882482425;6.388411202479433e-07;3.1528077792865433e-07;1.8079787189540557e-10;6.617644585111202e-06;1.4906733638265026e-09;3.580334239561845e-10;1.2502323355152227e-08;7.052458692834523e-09;7.555302128544138e-12;4.77465283795467e-05;2.473425535655532e-07;1.5211115044722603e-13;3.3998355022306947e-09;0.002193337084701507;2.5744163282307278e-05;1.2013689470898338e-05;9.739332200681455e-09;1.0370297285233651e-07;0.004117906926650971;1.7025958965847184e-06;5.590840363089542e-07;21.505407568995686;0.6160401350472531;5.4948384423752186e-05;0.006351375786600871;22.121447707442773
a258b7852eb5bbceee7236d6674d21a8;market activity;ecoinvent-3.9.1-cutoff;GLO;market for wood preservative, water-based, indoor use, dry;wood preservative, water-based, indoor use, dry;kilogram;a258b7852eb5bbceee7236d6674d21a8;1.244600667176789;0.006426936757599452;0.023050918998691723;7.640528240960895e-08;1.2710743781396639e-09;1.4188747628358259e-13;5.195544303912925e-09;7.448396733740242e-11;1.4831501223493583e-11;1.1427195557899973e-10;4.097639202717316e-10;1.376492543187785e-13;3.4669120823727174e-10;6.007527646787171e-10;2.163442381544403e-14;4.835508898709616e-10;1.7214830014042876e-06;4.075801223140289e-07;4.883999891635846e-07;1.1488924881900884e-09;5.046269250281377e-10;1.7949810850311383e-06;4.003955749778584e-09;7.951725402375057e-08;0.20754452767200504;0.02604737069386249;8.027554852721307e-09;4.497565845371421e-06;0.23359189884941844
af0765000b37d1722b2ef084eae21783;market activity;ecoinvent-3.9.1-cutoff;GLO;market for electrolyte, for solid oxide fuel cell;electrolyte, for solid oxide fuel cell;kilogram;af0765000b37d1722b2ef084eae21783;5.818847576353995;0.06695345942775238;0.010718733189683088;1.8302712729483475e-07;6.935893645786061e-09;5.809758828202351e-13;2.127116536260592e-08;9.96813203704695e-10;1.9372655467803095e-10;3.995258258939283e-10;2.8511165108311783e-09;6.607935077361253e-13;7.911923377319069e-09;3.1231246980304186e-09;5.90766874257385e-14;1.3204227216327267e-09;7.0485644877623985e-06;1.8045136194594989e-06;1.2391632708474853e-05;2.7683449851491164e-09;2.3175436934514177e-09;8.346096492820274e-06;2.1470316249421214e-08;2.1713617154715722e-07;0.5054432339186063;0.6159235680993222;4.368409612170375e-08;2.9834336328890254e-05;1.1213668033383513
6119acbadeae6871b07052f5677aa77a;market activity;ecoinvent-3.9.1-cutoff;RoW;market for DTPA, diethylenetriaminepentaacetic acid;DTPA, diethylenetriaminepentaacetic acid;kilogram;6119acbadeae6871b07052f5677aa77a;1.7772587077511734;0.008189449642710355;0.008893624252053353;1.0021878860006393e-07;2.9370871154227566e-09;3.489994408789953e-13;1.2781955262265561e-08;1.2351421613635959e-10;2.4423855286240972e-11;1.823688589806248e-10;7.336320999564721e-10;6.684720927538345e-12;5.345790329777096e-10;1.2173987737038607e-09;4.0954346815133695e-14;9.153703845075304e-10;4.234598581984809e-06;8.713344572156744e-07;7.916366947375344e-07;1.5110797842934733e-09;7.277071434731308e-10;3.5946291086580696e-06;8.135217494180574e-09;1.505275678639065e-07;0.5159808801101206;0.03251561739295392;1.8541743761569e-08;9.653004380837778e-06;0.5484964984184449
683f869780ee789d92d3b2a737534a44;market activity;ecoinvent-3.9.1-cutoff;GLO;market for steel, chromium steel 18/8, hot rolled;steel, chromium steel 18/8, hot rolled;kilogram;683f869780ee789d92d3b2a737534a44;3.631433981440753;0.01632725431692776;0.003944918965635758;1.533397307894326e-07;4.156347938539009e-09;4.3450821545412083e-13;1.5909134544402667e-08;3.05346103412368e-10;6.774395205583091e-11;1.832536435299698e-09;1.1984762943683325e-09;3.148278932956287e-13;1.5326852541197378e-09;1.8072627326703117e-09;2.3510676548225172e-14;5.254870045694025e-10;5.271607804786589e-06;2.8781509126473884e-05;1.567715707842282e-06;2.359149020698068e-09;7.082350303306744e-10;1.1564706092703796e-05;1.2226370580203588e-08;8.641341481074644e-08;0.2704017618051029;0.12818957608000142;2.680977865097614e-08;4.7287071178727026e-05;0.39859133841059136
c356fda02086965b25facf1d758ee233;market activity;ecoinvent-3.9.1-cutoff;GLO;market for triethanolamine;triethanolamine;kilogram;c356fda02086965b25facf1d758ee233;0.8768861712146065;0.0010964863208947355;0.0075894392312160375;9.667531267043145e-08;1.7311329376736814e-09;2.4395913090944216e-13;8.933760651261639e-09;6.857395833521909e-11;1.3669807400330203e-11;9.10532755811892e-11;4.764656396363003e-10;2.0106827665342984e-12;2.982538072577217e-10;8.061939483266003e-10;2.0128010361256848e-14;4.498810508912055e-10;2.95995194055964e-06;4.724035691750899e-07;4.6057872239833544e-07;1.4962910719090671e-09;2.469894876480729e-10;2.172857644377548e-06;5.335318162982034e-09;7.398043629644477e-08;0.5687437091809517;0.00535879802685104;1.2421227817306639e-08;6.146800964084493e-06;0.5741025076576837
379e1d772d6bcf2ad8ed50deef291bb1;market activity;ecoinvent-3.9.1-cutoff;GLO;market for solvent for paint;solvent for paint;kilogram;379e1d772d6bcf2ad8ed50deef291bb1;0.23786624210010338;0.0005199149269300414;0.004835277752294459;1.3398377373217278e-08;6.241270786768494e-10;7.571470278904565e-14;2.77486177487558e-09;1.4690054239906316e-11;3.1998677457704633e-12;2.739465989900377e-11;8.36653289229951e-11;1.4819891483381057e-13;3.9732378837619747e-10;5.947862724819102e-10;1.3168522423008521e-15;2.9432957356534014e-11;9.189043263234305e-07;1.4685889659559998e-07;1.0918589454663939e-07;2.0413630953018944e-10;1.212860210475114e-10;7.327672202328742e-07;3.3403258931146463e-09;4.840086112579156e-09;0.5384976621133846;0.0052545060583187465;4.520241494486729e-09;1.916211397953384e-06;0.5437521682011364
a9656e711ea1a67be5afdc0c1e24a46d;market activity;ecoinvent-3.9.1-cutoff;GLO;market for selenium;selenium;kilogram;a9656e711ea1a67be5afdc0c1e24a46d;4.03572374376311;0.017824520412110065;0.004938753442406044;1.918377205386977e-07;3.649478959575985e-08;2.835853851005795e-13;1.0382924614403018e-08;5.158412551470439e-09;1.0326126515576926e-09;1.46370663982021e-08;6.49262315488156e-09;5.209350517630103e-13;3.7174774537634438e-09;2.7687422778148253e-09;4.42076384046075e-14;9.880846872557631e-10;3.440621257270231e-06;4.931897032725248e-06;3.550919291557851e-05;2.8961081808582313e-09;1.5990955881043506e-09;3.473124730252005e-05;1.909385915041003e-08;1.6248503046796484e-07;0.21233409579254897;0.14491720250033618;8.06851247536445e-08;7.879890937018469e-05;0.3572512992809699
1bc863a377c63072694d33d69f9fd94f;market activity;ecoinvent-3.9.1-cutoff;GLO;market for tin concentrate;tin concentrate;kilogram;1bc863a377c63072694d33d69f9fd94f;1.9484446978475094;0.551159916399841;0.0073502832033133245;2.0697382376898914e-07;6.040515374002162e-09;3.266795369429882e-13;1.1961048543705712e-08;3.902442607248439e-09;7.507309710873675e-10;4.297848881154944e-10;6.0584532274544e-09;3.189013872080262e-13;1.1317499333257287e-09;4.502639897525617e-09;3.361263280566881e-14;7.512757743279626e-10;3.963494557474264e-06;3.302568301923389e-06;5.326703730914871e-05;3.194853381784202e-09;1.9271510451883175e-09;3.4215855333736825e-05;3.1103832126941226e-08;1.2354312201776392e-07;0.2589051585203881;0.9387534790586454;3.477749954082713e-08;9.490854449837501e-05;1.1976586383303094
05b4af4e0f77945470397f8e64c28f3d;market activity;ecoinvent-3.9.1-cutoff;GLO;market for ventilation system, central, 1 x 720 m3/h, steel ducts, with earth tube heat exchanger;ventilation system, central, 1 x 720 m3/h, steel ducts, with earth tube heat exchanger;unit;05b4af4e0f77945470397f8e64c28f3d;22223.22789007667;76.81213416453001;64.45681801972188;0.00036333377013813173;3.711655724110083e-05;9.111143834348784e-10;3.336132183638709e-05;1.6435296865335079e-06;3.364695356858779e-07;1.6014838154425096e-06;3.6523980328624646e-06;1.0065036349160155e-09;3.157978876274621e-06;4.392258694755651e-06;7.277621773742333e-11;1.626620849650376e-06;0.011054176283656207;0.017063508504000187;0.013365030801858357;5.573325240417527e-06;1.5752907436726508e-06;0.02340568162777267;2.9449373486126854e-05;0.0002674887504322333;856.673385266217;399.20521045989915;8.52634988555461e-05;0.06519232214085445;1255.878597352737
508d6c44859f3fae6d4ff0c38a75b87e;market activity;ecoinvent-3.9.1-cutoff;GLO;market for orange, processing grade;orange, processing grade;kilogram;508d6c44859f3fae6d4ff0c38a75b87e;1.0943202504625757;0.00024455185058928745;0.0005062644248579851;2.1919153813764274e-09;5.71940693201672e-10;2.564985847406774e-14;9.389717007460754e-10;1.1783859566931118e-11;1.819169065555125e-12;2.5408904262284293e-11;3.6835235202148693e-11;8.604472056568577e-13;2.475232443470509e-09;2.004984502906795e-10;3.1979621563127415e-14;7.14776348864342e-10;3.1132270040939856e-07;4.2337963572336586e-08;3.0935256296383036e-08;3.3577150216191807e-11;1.123352594111544e-09;4.0076850203978855e-07;1.3814643843546334e-09;1.1754099453313418e-07;0.022422748060581543;0.000988232804708419;4.251920919638599e-09;9.016365910966935e-07;0.023410981580066312
74858ab1bcc3a3db1a4dbaa7f1ae5ceb;market activity;ecoinvent-3.9.1-cutoff;GLO;market for petroleum slack wax;petroleum slack wax;kilogram;74858ab1bcc3a3db1a4dbaa7f1ae5ceb;0.14044459316337654;0.0004056090301817253;0.014770999818899865;5.117878321046163e-09;1.2901221892974901e-09;1.1713920389217184e-13;4.291402765669065e-09;5.644596031432268e-12;1.7127641254889207e-12;5.7417282124464835e-11;3.078520476767139e-11;1.6822616510836478e-13;7.682966197771155e-11;5.652779266330441e-10;1.6757793053776491e-15;3.7455334205121864e-11;1.4214625649192501e-06;1.1663811545823405e-07;6.101160003317068e-08;7.773620722692866e-11;2.3465353923531295e-10;1.332510913391513e-06;3.3903390864180155e-09;6.1593213598013224e-09;0.6098134726635528;0.0031629999221453623;6.319466482595823e-09;2.9414809867355147e-06;0.6129764726231535
e06eed9912af66347d920075212adc8c;market activity;ecoinvent-3.9.1-cutoff;GLO;market for gold-silver, ingot;gold-silver, ingot;kilogram;e06eed9912af66347d920075212adc8c;19659.90791174241;275.5734772030921;25.56494355416649;5.8476713919959175e-05;1.371051040603159e-05;4.3590580219099765e-10;1.5959946839383483e-05;4.2556045880979365e-05;8.172345224287302e-06;1.8345409125119682e-06;6.314089248195995e-05;1.7733887667631578e-09;0.00016770524066994684;9.673164433027323e-06;1.0331115580881859e-10;2.309107085592447e-06;0.00528881303073992;0.0087563436178672;0.2039889338584004;8.862368194495433e-07;3.651329117801696e-06;0.013713032895190574;6.666986141218177e-05;0.0003797198155133072;501.89682714318513;457.7014337187913;0.00032275485477018624;0.23219800304994848;959.5982631710835
bff16aad314b98a6f2e269ae8d3eefb2;market activity;ecoinvent-3.9.1-cutoff;RoW;market for lorry, 16 metric ton;lorry, 16 metric ton;unit;bff16aad314b98a6f2e269ae8d3eefb2;13666.320459120328;156.1235375950505;149.85707305450683;0.000464251528002276;1.9478879476435873e-05;1.8377364774656521e-09;6.729237607285997e-05;4.4445857506239625e-06;9.152007583612578e-07;2.82675039946205e-06;7.334069139074438e-06;2.205540694684151e-09;4.981262798369529e-06;9.371892244804928e-06;1.0780672538470206e-10;2.4095875369064975e-06;0.022296707143233962;0.042345156521541916;0.03792188031836133;7.171922752264988e-06;2.977634141733718e-06;0.029481567627794004;6.179511142398751e-05;0.00039624326679615473;1592.1034745959582;968.8477216098706;0.0001166475701061423;0.1325129707313591;2560.9511986154166
26bf40844012f61dbf4cfba27b5f4228;market activity;ecoinvent-3.9.1-cutoff;GLO;market for fleece, polyethylene;fleece, polyethylene;kilogram;26bf40844012f61dbf4cfba27b5f4228;1.9371069047047564;0.06778686220607423;0.013990155726395191;5.8798094113415003e-08;1.915896384213347e-09;2.605448549904202e-13;9.54204676321749e-09;8.510440486548873e-11;1.7320644581528988e-11;1.312689193426531e-10;4.184401345357118e-10;1.636989453224349e-13;4.196854057551125e-10;1.0590125851576791e-09;2.1648509076972205e-14;4.83865709475316e-10;3.161301480027825e-06;5.253663298951235e-07;5.494887043001744e-07;9.100915426142867e-10;3.1580965694750006e-10;2.3504981584298934e-06;6.97233787828634e-09;7.956902435646113e-08;0.7881928344533589;0.007049921206437559;1.35890907072203e-08;6.674378797774738e-06;0.7952427561436621
1b8cbe73a21ba46c2e03297a996d2e7a;market activity;ecoinvent-3.9.1-cutoff;GLO;market for butane;butane;kilogram;1b8cbe73a21ba46c2e03297a996d2e7a;0.5210651545815804;0.0010239641223452071;0.0036741438753001717;1.881867521568369e-08;6.544250715070581e-10;9.262580360123286e-14;3.3942648700571154e-09;3.078065015213415e-11;6.214337046768852e-12;4.812694492347586e-11;1.4565748546324726e-10;3.109148304907548e-14;1.8567730479051373e-10;4.785482663622641e-10;2.225535438579517e-15;4.974293056957933e-11;1.1241010519601903e-06;2.9285893189930015e-07;1.8769612121498004e-07;2.8932059402116193e-10;1.4011695389448537e-10;8.669823842602933e-07;2.923763947903422e-09;8.179948230562776e-09;0.45358809331495187;0.006315916357369494;4.94376347787633e-09;2.4831526407812163e-06;0.4599040097220642
1df7aad9fc180c144b0950748ebe90be;market activity;ecoinvent-3.9.1-cutoff;GLO;market for silicon, solar grade;silicon, solar grade;kilogram;1df7aad9fc180c144b0950748ebe90be;13.71666625000113;0.02848035891436662;0.02703535710795544;2.2807148344522244e-06;3.207284071282137e-08;4.185389897593668e-12;1.5324755966499647e-07;6.058714851698458e-10;1.2529679069103164e-10;5.687966681001282e-10;1.2691108346515348e-08;2.5775645870345958e-12;1.1271481042163136e-08;1.5142165900048723e-08;7.85669198246794e-13;1.7560488007322732e-08;5.0779645853257224e-05;6.576992631470751e-06;6.83978277336376e-06;3.507301421547203e-08;9.08240996459352e-09;5.571819395924654e-05;1.033073786537628e-07;2.887724570276222e-06;2.942580190238842;0.09444056519406163;2.2572316805115729e-07;0.00012294665524452636;3.037020772993392
7e0b03342cb90ee6053113e8c84ad4d4;market activity;ecoinvent-3.9.1-cutoff;GLO;market for carrot;carrot;kilogram;7e0b03342cb90ee6053113e8c84ad4d4;0.8577908524105239;0.0002175652758773146;0.0004550750722269949;1.935573781461116e-09;6.725699602090333e-10;2.3178495722383923e-14;8.485185951965327e-10;9.33301257932796e-12;1.6697499157230658e-12;2.0983191332660046e-11;3.846046623556052e-11;7.868557954078956e-13;2.9094924032683924e-09;1.6437118669676853e-10;3.724758525897396e-14;8.325205769826835e-10;2.8131486072108727e-07;4.280336907214718e-08;1.5922247590303357e-07;2.9752189138431575e-11;9.263711140662343e-10;4.0392482173972827e-07;1.1297460724846876e-09;1.3690337787941463e-07;0.01871257282967765;0.001012637147481459;4.666240325721559e-09;1.026252945250476e-06;0.019725210809679684
0acfe7ce21776fc47624167459b5a5bd;market activity;ecoinvent-3.9.1-cutoff;GLO;market for wind turbine, 4.5MW, onshore;wind turbine, 4.5MW, onshore;unit;0acfe7ce21776fc47624167459b5a5bd;53172424.15919323;23064.73349450634;12745.647739899832;0.08532290780235145;0.006276918845794436;3.3125926343318444e-07;0.012128927840595237;0.00471457333781747;0.0008739953671068509;0.001946361317651994;0.00212618977455983;4.966220672286861e-07;0.00168277155797074;0.0018789447487329496;2.3592034990583004e-08;0.0005273054466751987;4.018992822094933;7.381865432900944;6.426184545405756;0.0013099278700843793;0.0007595651715433823;7.697026590118872;0.012652942363144825;0.08671244749972085;264987.5816489925;148735.4558915445;0.031629313068132575;25.62543109279968;413723.0380678424
fba6bac2b48373eba03af7110a51ed17;market activity;ecoinvent-3.9.1-cutoff;GLO;market for oil boiler, 100kW;oil boiler, 100kW;unit;fba6bac2b48373eba03af7110a51ed17;1360.6318095364934;23.786747602207885;26.12169946709504;5.163040922630766e-05;3.712906513894913e-06;1.6214223646881495e-10;5.936835528687089e-06;8.375694774747596e-07;1.6410325836795514e-07;1.2412592672127612e-06;1.3463465165428093e-06;2.1803629861713637e-10;7.255513621074317e-07;8.62465334546656e-07;1.1750200709543878e-11;2.626286726067694e-07;0.00196719078167085;0.006064377545365249;0.003986866803849254;7.919582294481672e-07;3.3615679122629377e-07;0.004593084806815315;5.798967416588202e-06;4.318782430359254e-05;101.23445761590517;89.91641905350059;1.4827285662793876e-05;0.016661587342862525;191.1508769320344
fa7984b75011b60d4976e9a486e70f4b;market activity;ecoinvent-3.9.1-cutoff;GLO;market for oat grain, feed;oat grain, feed;kilogram;fa7984b75011b60d4976e9a486e70f4b;0.36570258905950964;0.00047405286710883773;0.0010378224761641186;8.41017547710367e-09;2.3240378785495626e-09;6.553215450675025e-14;2.398390625709584e-09;3.170347483518997e-11;6.418458556967282e-12;3.065908348581447e-11;3.978287020677097e-10;2.2090795161703724e-11;2.6863708166459548e-08;4.0740977116346407e-10;1.443870721566955e-14;3.2271946700698335e-10;7.955238800281529e-07;1.0869954380838681e-07;-4.286436277265896e-07;1.2968418009965502e-10;7.215717625398158e-09;1.3139277317928901e-06;2.8130153733607245e-09;5.306942117974736e-08;0.039103587788393124;0.002623926827628057;3.2482294795245625e-08;1.8527246958159887e-06;0.04172751493874065
ad0679625ef2b061dae0dfd5830b5c7a;market activity;ecoinvent-3.9.1-cutoff;GLO;market for wheat grain, feed, organic;wheat grain, feed, organic;kilogram;ad0679625ef2b061dae0dfd5830b5c7a;0.2689094644534835;0.00046188313049237185;0.0010108549098815627;5.088326065457931e-09;3.3345540843580104e-09;4.2631197875581706e-14;1.5602288682366369e-09;1.314920628657952e-11;2.6184640280806674e-12;2.1276530166894558e-11;1.2877165439926447e-10;1.0182668437402188e-11;1.7101282799490403e-08;3.2800568648649557e-10;2.739548142456848e-14;6.123162573822213e-10;5.175326801353066e-07;8.53678127630878e-08;1.5710699383569696e-06;7.81979883043373e-11;4.881285524163176e-09;1.5601821066237644e-06;2.2605468870795433e-09;1.0069200243665663e-07;0.030788735868175352;0.0020672289199138464;2.2500125927404694e-08;3.842059894119627e-06;0.03285596540040545
ba3f478e70f33c4e19253792db896c13;market activity;ecoinvent-3.9.1-cutoff;GLO;market for polystyrene, extruded;polystyrene, extruded;kilogram;ba3f478e70f33c4e19253792db896c13;1.203001152860986;0.0012431509143599334;0.04578302479821601;6.366626993171426e-08;2.6996409887155044e-09;4.1670084696493485e-13;1.5261122043154588e-08;5.632114831978042e-11;1.1492803825002895e-11;1.0124402166595687e-10;3.72301438977264e-10;1.1102778423695908e-13;2.498663986197028e-10;1.246909788355213e-09;4.649491680079353e-14;1.0392076343373879e-09;5.055381688921113e-06;5.036748789239993e-07;4.011728295197982e-07;9.839110788408216e-10;6.373515524276477e-09;3.106370779056782e-06;8.147365289036527e-09;1.7089191473740978e-07;0.7755740683582385;0.10834281012909233;1.9999326362003863e-08;9.252948452909934e-06;0.8839168795265386
3fc618807f3e304db5bd7fcdda56e812;market activity;ecoinvent-3.9.1-cutoff;GLO;market for iron(III) chloride, without water, in 40% solution state;iron (III) chloride, without water, in 40% solution state;kilogram;3fc618807f3e304db5bd7fcdda56e812;1.1227023506455178;0.005220154434199104;0.0008783722234428735;3.912177047310108e-08;8.051042502827598e-10;6.553298673716174e-14;2.399465164259701e-09;8.115630083405997e-11;1.6055431923156863e-11;1.186248600082451e-10;2.858239071020577e-10;7.090537355869267e-14;2.726000318195702e-10;3.228337165657043e-10;9.715370949701089e-15;2.171482036328052e-10;7.950769325100731e-07;3.554209851556855e-07;4.642792543117837e-07;5.7775206355468e-10;3.654060104801745e-10;1.2164805041801814e-06;2.224897124892348e-09;3.5708814171924493e-08;0.04367287456251771;0.0205702249895351;4.301689154306797e-09;2.8700945786726474e-06;0.06424309976920103
4aa51a278e08ad4760d62c0bf55d903a;market activity;ecoinvent-3.9.1-cutoff;GLO;market for polyethylene, low density, granulate;polyethylene, low density, granulate;kilogram;4aa51a278e08ad4760d62c0bf55d903a;0.7483836994193387;0.09975593923475823;0.017686676568684764;5.427057204335335e-08;1.4964692524840369e-09;1.9876531600180664e-13;7.279775698534154e-09;4.189850827997926e-11;8.458301771012455e-12;6.055523515793956e-11;3.588185258826537e-10;1.0271438508130258e-13;2.055000969464048e-10;8.735682112033703e-10;1.6170969100310945e-14;3.6143724303621773e-10;2.4117351709781024e-06;3.076730444047369e-07;3.1290116645136596e-07;8.407429178302193e-10;1.9651739223582775e-10;1.8913921587767203e-06;5.579496991525198e-09;5.943634407502502e-08;0.6544043647753564;0.004515835976950633;1.0325233248040702e-08;4.989712209381134e-06;0.6589202011137444
a0e9abe4977c56cd747714b7226992b3;market activity;ecoinvent-3.9.1-cutoff;GLO;market for sunflower seed, for sowing;sunflower seed, for sowing;kilogram;a0e9abe4977c56cd747714b7226992b3;0.8721153290680702;0.0009186428352173345;0.002758900890982039;1.445065139453006e-08;3.5830460990890714e-09;1.8191422512542123e-13;6.658306842750586e-09;5.5952311091398334e-11;9.754114119701126e-12;8.857218922044334e-11;3.875412003501503e-10;2.61311541793615e-11;1.1357171094374585e-07;1.1009574020230593e-09;1.3496548816080823e-13;3.016612897055241e-09;2.2077359916246197e-06;2.5195408422477975e-07;7.832648172158234e-07;2.2314258117699034e-10;1.1672112599556039e-08;2.8591531711446166e-06;7.55538992616047e-09;4.960652106140789e-07;0.10613920920109973;0.00724407487295415;1.2548222348298687e-07;6.61760215492504e-06;0.11338328709066678
07e5f1b0343c3344e99d193830cd925d;market activity;ecoinvent-3.9.1-cutoff;RoW;market for particleboard, cement bonded;particleboard, cement bonded;cubic meter;07e5f1b0343c3344e99d193830cd925d;226.68888720732627;0.06300500785784506;0.16420714018892166;5.198446484741189e-07;4.3536713105828607e-07;7.525751359023978e-11;2.7551482352031484e-06;9.08775776997712e-09;1.941420925608329e-09;2.8914512255109586e-08;7.908138650506272e-08;2.3648850119958258e-11;1.2642378104708017e-06;3.141835953554283e-07;2.0159752251800577e-12;4.50590513715339e-08;0.0009130093403811309;7.478025241893951e-05;8.498696785463292e-05;9.481222157797078e-08;5.851918010343666e-08;0.0006291617020233439;2.155022495066059e-06;7.409710351139311e-06;55.02400249689171;1.6953529545104713;4.887967659981421e-06;0.0017116248331228248;56.719355496461226
306d3a32de8dfdb0f04cfba8c2b17ae3;market activity;ecoinvent-3.9.1-cutoff;GLO;market for rape seed, Swiss integrated production;rape seed, Swiss integrated production;kilogram;306d3a32de8dfdb0f04cfba8c2b17ae3;0.4137258504002082;0.0004157156049151966;0.0012491438971971517;1.3646562345617554e-08;2.951804496694087e-09;6.603080560195763e-14;2.4166430304312176e-09;2.040381901708979e-11;3.9381613399419634e-12;3.353163900775562e-11;1.5977143484035863e-10;1.0794913608100792e-11;2.7447375801130436e-08;3.6180576404267686e-10;2.194063569061488e-14;4.903950298393308e-10;8.016530495275467e-07;1.1022471817149112e-07;8.76323161950922e-07;2.0699366521858265e-10;8.21248402798625e-09;1.4290625188705434e-06;2.463426420620893e-09;8.064273477011865e-08;0.04686344810410563;0.0029363677388890407;3.340614626617319e-08;3.3087854935146345e-06;0.0497998163333897
ee00cbb70fdbb040f04ef43047405a93;market activity;ecoinvent-3.9.1-cutoff;RoW;market for sewage sludge, dried;sewage sludge, dried;kilogram;ee00cbb70fdbb040f04ef43047405a93;-0.04314170053019255;-8.640920068618114e-06;-2.2887239000098378e-05;-6.805987322083009e-11;-6.633600337044674e-12;-9.046482384726286e-16;-3.3122412105403484e-11;-2.1967479589702445e-13;-5.556294141088113e-14;-2.6634362707139205e-12;-6.560716242438762e-13;-6.814350037707143e-16;-5.4896911498174205e-12;-7.4371725868497e-12;-2.0789386017512948e-17;-4.646634546126916e-13;-1.097547412557551e-08;-1.9743658240247425e-09;-2.1602324337889086e-09;-1.038311377641888e-12;-1.7690811005399795e-12;-8.878116861449163e-09;-5.028168249082258e-11;-7.641132035937499e-11;-0.0015579950186164232;-5.378301985945835e-05;-5.627898871054537e-11;-2.41176103364964e-08;-0.0016117780389405447
82bcd67307aa7d775b264e32dd185e3d;market activity;ecoinvent-3.9.1-cutoff;GLO;market for whey;whey;kilogram;82bcd67307aa7d775b264e32dd185e3d;0.12534039563682636;0.000510897468214675;0.00012016875059468845;1.6095156398859767e-09;1.9576363915867634e-10;1.1552477751729428e-14;4.229157403810851e-10;4.56608519836744e-12;6.723187834026417e-13;6.190197759956343e-12;1.7136292141415337e-11;2.2711510186517133e-13;5.693912172876547e-09;3.5538846605122646e-11;2.747956144856936e-15;6.141955295446244e-11;1.4025757938344323e-07;1.708591568341178e-08;1.7797279529177994e-08;2.4784870654353587e-11;4.0491988964506844e-10;1.322304971677894e-07;2.42023395977358e-10;1.0100103829006484e-08;0.0059269765476028646;0.0006543715397180348;6.376930574006042e-09;3.181410710750526e-07;0.006581348148740452
4e7eec9ccd3bdd8e89cadfb415d3379c;market activity;ecoinvent-3.9.1-cutoff;GLO;market for activated carbon, granular;activated carbon, granular;kilogram;4e7eec9ccd3bdd8e89cadfb415d3379c;0.4869252426137731;0.004013692113974983;0.0012362419174360966;6.665152656235288e-08;3.389473241646943e-09;2.623500436261042e-13;9.606120165397161e-09;3.8303823061282796e-11;8.054087058258666e-12;4.3311566662000945e-11;9.050517220211116e-10;1.5553624784759233e-13;3.4986678761868306e-10;1.0540445961471255e-09;5.485917880848878e-15;1.2261572093035423e-10;3.182960863658226e-06;4.0692501934333855e-07;5.438742409602287e-07;1.0334842715673253e-09;3.396229721009631e-10;3.823318869028133e-06;7.299740014753652e-09;2.0163473240895394e-08;0.1427287964261034;0.0023777993732573997;1.5394538080987565e-08;7.98587852811099e-06;0.14510659592197653
8e69addbbecac196e0d3d63a01aad05f;market activity;ecoinvent-3.9.1-cutoff;RoW;market for o-dichlorobenzene;o-dichlorobenzene;kilogram;8e69addbbecac196e0d3d63a01aad05f;1.1076255132613273;0.008601539812484148;0.006228791614504896;6.457600678786021e-08;1.9141144616096167e-09;2.060393034574967e-13;7.54613915842337e-09;1.3290250303804517e-10;1.507074092880883e-11;1.0723932829701922e-10;5.470016860664264e-10;1.3989936302050618e-13;3.60127947445909e-10;1.016713417516609e-09;2.8406554638393413e-14;6.349147493245269e-10;2.4999936191937813e-06;6.399770333893834e-07;5.200445581501647e-07;9.50055262287197e-10;6.392421428105893e-10;2.8563938700314904e-06;6.44539169250938e-09;1.0440819872948019e-07;0.4222654537282072;0.03317759970625987;1.1639462961851331e-08;6.628778920302993e-06;0.4554430540693818
7592b4a2772014f8073ad0482d43d879;market activity;ecoinvent-3.9.1-cutoff;RoW;market for dipropylene glycol monomethyl ether;dipropylene glycol monomethyl ether;kilogram;7592b4a2772014f8073ad0482d43d879;2.3102091168987133;0.01964659045067324;0.00837634812761336;1.8146859145899463e-07;3.3057027095135613e-09;3.90729707704439e-13;1.4308119725107736e-08;1.4914379783297184e-10;2.980675357536803e-11;2.092867216729411e-10;1.104319879625246e-09;2.9341562168795063e-13;7.044829902916282e-10;1.6648579468201293e-09;5.4587848204976236e-14;1.2200927004496456e-09;4.740693092162981e-06;9.164630230684855e-07;1.0866091562405553e-06;2.6948983185095767e-09;1.5592954051703375e-09;5.060864302963102e-06;1.1036496800818879e-08;2.006374576625601e-07;0.6324025651456715;0.07818372380481217;2.14759103010352e-08;1.202037592486304e-05;0.7105862901705764
13705a7a97897a11dd78a92c87903fc8;market activity;ecoinvent-3.9.1-cutoff;GLO;market for 1-pentanol;1-pentanol;kilogram;13705a7a97897a11dd78a92c87903fc8;0.7355373190368177;0.0018140412037292257;0.00864569566489009;1.3581691546769757e-07;3.874954074375084e-09;4.41298533646738e-13;1.6160310831668445e-08;6.29276669595064e-11;1.2930596860736258e-11;8.548028857142409e-11;8.698417847974902e-10;1.9426996608101355e-13;1.2287928193645427e-09;1.5458746673828362e-09;1.9728644001090855e-14;4.409548155317531e-10;5.354271811217614e-06;5.563244567530304e-07;6.021623111662294e-07;2.1014928460060445e-09;5.393098778226723e-10;4.755179318884651e-06;1.0277256253628633e-08;7.251256654494297e-08;0.7307711545638615;0.005603965657667067;2.3841396284798952e-08;1.1353245480116584e-05;0.7363751206624833
329bb09fce32474293e1feea0e5945e2;market activity;ecoinvent-3.9.1-cutoff;RoW;market for wheat bran;wheat bran;kilogram;329bb09fce32474293e1feea0e5945e2;0.2945559509906465;0.00022666989876857024;0.0006179983772457926;3.577440820357376e-09;9.014540486726981e-10;3.319597233741047e-14;1.2150149504996699e-09;1.1711479592625068e-11;2.283426154835453e-12;2.3962977919983935e-11;1.7729341724222166e-10;1.740088493655876e-12;1.2840648719432277e-08;2.0256505783649685e-10;6.431525459081216e-14;1.437509908050507e-09;4.029317672334298e-07;5.988431196227228e-08;1.0173544687863023e-07;5.5217653817463295e-11;2.9315590437105656e-09;5.523456680992742e-07;1.3902092861313102e-09;2.3639050804066145e-07;0.02526847887912649;0.0015246096961722738;1.5376754927933197e-08;1.3576591311207264e-06;0.02679309001280867
83688436c0c23932481625cbfd01aba0;market activity;ecoinvent-3.9.1-cutoff;RoW;market for petrol, low-sulfur;petrol, low-sulfur;kilogram;83688436c0c23932481625cbfd01aba0;0.14088930047308862;0.00047457058151317404;0.006177190973710601;9.476329424751524e-09;8.287258982826781e-10;8.593235808314868e-14;3.149344989802384e-09;6.568437544108235e-12;1.7810523949248571e-12;3.35926659041359e-11;4.124325460508212e-11;1.660452359798198e-13;8.838778823034186e-11;4.809386370488585e-10;1.0937578886892992e-15;2.444657666369377e-11;1.042912136162819e-06;1.1877743403096589e-07;6.781930389232837e-08;1.383105930326033e-10;1.5385037634354212e-10;8.60966263318736e-07;2.765483764081501e-09;4.0201035450411e-09;0.5450088165090559;0.005483988914192931;4.6308235539957045e-09;2.0975488499011485e-06;0.5504928054476953
38cb185f1f795655d17d83c508ff85b8;market activity;ecoinvent-3.9.1-cutoff;GLO;market for fish canning, large fish;fish canning, large fish;kilogram;38cb185f1f795655d17d83c508ff85b8;3.5632248788497716;0.5082427500441982;0.0080118808583496;1.6136457176935475e-07;3.887857921159764e-09;6.489692649848555e-13;2.3758197688635295e-08;2.757219476149018e-10;5.554423531915343e-11;9.914823119054233e-10;4.155959308186797e-08;4.008232748193454e-12;1.0420218736778937e-08;1.7230277618460845e-09;6.140276525109389e-14;1.3724128745461954e-09;7.873995921730654e-06;1.4462135892846168e-05;2.0289552102425533e-06;2.4869407495247565e-09;2.6411086310430835e-09;8.385234656405342e-06;1.1665969863990026e-08;2.2568566299170225e-07;0.2621703017819559;0.07560344508427394;8.266682435041474e-08;3.298964051061699e-05;0.3377737482386427
39005c9bb3043a49b53c1c137a70c44c;market activity;ecoinvent-3.9.1-cutoff;GLO;market for grass, organic;grass, organic;kilogram;39005c9bb3043a49b53c1c137a70c44c;0.12377992147961997;9.7158914592064e-05;0.00038681075217748584;8.268293340956579e-10;1.5099135969592217e-09;1.1787035360409678e-14;4.313967953720035e-10;2.438380005422168e-12;5.137137583403828e-13;7.898425481580674e-12;3.752429506182754e-11;2.5213800488023296e-13;5.954477974547328e-09;8.534547224976031e-11;1.71839813155362e-16;3.8407907358835124e-12;1.430887780847835e-07;3.131283566956742e-08;3.3715594061836375e-08;1.2698288040686563e-11;1.2951233731050517e-09;6.365203195826265e-07;5.833812793768534e-10;6.315966716115804e-10;0.009455498482578609;0.0009822919712166867;8.0297703762844e-09;8.471595360618843e-07;0.010437790457636086
2e8ee9518e8f4e83687d9e1cd8568b05;market activity;ecoinvent-3.9.1-cutoff;GLO;market for natural stone plate, polished;natural stone plate, polished;kilogram;2e8ee9518e8f4e83687d9e1cd8568b05;0.21773181394658248;0.00038447669532395274;0.0019344078983493632;5.281284108916712e-08;7.395674006032675e-10;7.844423670697909e-14;2.8721921124473547e-09;1.2589643083213532e-11;2.605947118911047e-12;1.758830590726818e-11;2.3798169383136967e-10;5.123787769480726e-14;1.124391078889614e-10;5.351011528642632e-10;3.566811304897355e-15;7.9721780214627e-11;9.517175053220997e-07;1.3458336504033553e-07;1.3191087365479195e-07;8.149959896541255e-10;1.8275909608246333e-10;5.882785002658216e-06;3.688548980725673e-09;1.3109803293390233e-08;0.06463544211316477;0.001349741978305521;4.530060890352129e-09;7.1187472329560295e-06;0.06598518417119206
f1bbe313784b91418d6f1b25cef831a6;market activity;ecoinvent-3.9.1-cutoff;GLO;market for natural gas, low pressure, vehicle grade;natural gas, low pressure, vehicle grade;kilogram;f1bbe313784b91418d6f1b25cef831a6;0.3042844274046844;0.0009381073943625945;0.0037933060033558392;3.921755668080081e-08;6.101836800874141e-10;1.0930642428429222e-13;4.0059571700430635e-09;1.51000825917381e-11;3.1141811927190515e-12;1.5810878475976602e-11;1.9075643353503122e-10;4.207425333705571e-14;1.1157062989429278e-10;4.795366379094449e-10;2.854440334952036e-15;6.379958051225286e-11;1.3265861965962596e-06;2.5834823299244566e-07;1.2419290938027303e-07;6.038919993978466e-10;1.8046494573543374e-10;9.861875962222541e-07;2.931094797853264e-09;1.0491486121668278e-08;0.4875452839981961;0.0054134304723932975;5.4320844493414425e-09;2.7094889309809128e-06;0.4929587145343889
8848f572012d8739a43fbfbfb79f9a58;market activity;ecoinvent-3.9.1-cutoff;GLO;market for motor scooter, 50 cubic cm engine;motor scooter, 50 cubic cm engine;unit;8848f572012d8739a43fbfbfb79f9a58;327.9789138006239;3.384950310681199;1.526236659079641;9.231425552188328e-06;5.057054626964032e-07;3.576338333091803e-11;1.3095832002682913e-06;9.359416526213671e-08;1.9051304322567504e-08;4.7622721383017204e-08;1.2710765965253016e-07;7.873113550982106e-11;8.749876818512908e-08;1.8045686842372644e-07;2.3574395302240307e-12;5.269111820963072e-08;0.00043391080514806484;0.0005281496537434576;0.0007697265485241657;1.4267333989322436e-07;6.219592103160103e-08;0.0006480051280104814;1.1898742557851673e-06;8.664761288287078e-06;36.23692312432266;10.526879730961316;2.3707205138081865e-06;0.002389846189122631;46.76380290797509
7c69d8d16174f2f1090de6862b1564f8;market activity;ecoinvent-3.9.1-cutoff;RoW;market for ethylene;ethylene;kilogram;7c69d8d16174f2f1090de6862b1564f8;0.03362619432652668;5.051729575535263e-06;0.008216490443165829;4.6356686043310726e-11;6.50791677299788e-10;1.16036244258843e-13;4.25074548902927e-09;2.3679059129657473e-12;4.875327257430074e-13;3.7756325193586185e-13;6.90138605198651e-12;4.273643071355011e-15;6.429891621310201e-13;3.754943602354335e-10;6.351666732311577e-15;1.4196606883426754e-10;1.4080366146852663e-06;5.4484442169216744e-08;1.4023252108008311e-08;6.906835239848499e-13;1.0139559046927401e-12;6.345554606503731e-07;2.431305920452166e-09;2.3345530314834472e-08;0.5978364017618638;4.075830544303753e-05;5.2879352963823545e-09;2.1368782585839898e-06;0.5978771602092732
ea1a6d0979ed5696807fe4de715b04d1;market activity;ecoinvent-3.9.1-cutoff;GLO;market for uranium, enriched 4.2%, per separative work unit;uranium, enriched 4.2%, per separative work unit;unit;ea1a6d0979ed5696807fe4de715b04d1;127.59465606396603;0.6868145297921957;0.39555481511049795;0.01197637385806239;3.31661643987584e-07;2.1257729939118306e-11;7.78313793024475e-07;3.7935776162781135e-08;8.565093498199877e-09;2.2954650716926749e-07;1.0337367336058631e-07;1.4380999176480239e-09;7.219324737800785e-08;2.506297170466638e-07;4.9214591700349395e-12;1.0999950733308475e-07;0.0002579107357843395;0.00035071814565402413;0.001362438184787943;0.0004107804816378252;1.0417197871109859e-07;0.0008918644387880557;1.719500277903627e-06;1.8088807094174652e-05;25.235582172394878;15.064035566162582;1.8136726890421905e-06;0.0032936208292157947;40.29961784855698
202f002a2dd82cdd3a95fec5485909c7;market activity;ecoinvent-3.9.1-cutoff;GLO;market for polarizer, liquid crystals and colour filters, for liquid crystal display;polarizer, liquid crystals and colour filters, for liquid crystal display;kilogram;202f002a2dd82cdd3a95fec5485909c7;21.45490313991146;0.08545917608612437;1.482606891084656;7.963163353479804e-06;1.0700838719844457e-07;1.1865147720157995e-11;4.3443973638006883e-07;2.135840558277152e-09;4.3497799344123246e-10;1.9864340493191966e-09;3.983948682327572e-08;1.125703446632036e-11;2.3622961697218845e-08;4.396887806024862e-08;6.062177931138666e-13;1.3549570620251996e-08;0.00014395336541356512;1.897065353537474e-05;2.239283326201443e-05;1.2292516199565647e-07;4.9613098370141454e-08;0.00018025209495341768;3.027527770373274e-07;2.2281515172288136e-06;7.844346427285354;0.17898811227239836;6.534374012576223e-07;0.00036826476147883234;8.023334553107322
8b3f4764aea20874afc9d741d125dfa7;market activity;ecoinvent-3.9.1-cutoff;GLO;market for mattress;mattress;unit;8b3f4764aea20874afc9d741d125dfa7;233.32832763670325;0.3773541779397046;3.0338366977806928;3.212640550761247e-06;1.3904525533717823e-07;1.249156105597426e-11;4.5741477731029796e-07;8.459861307277965e-09;1.639538195745067e-09;9.87267829919405e-09;3.538527836656569e-08;5.279389478907629e-10;1.5779189505036254e-07;6.255175117831501e-08;8.159677588417464e-12;1.823769097156529e-07;0.00015157383245328193;9.219950757149834e-05;5.4031261837931984e-05;4.987632337792606e-08;1.9688377704233501e-07;0.00018618452866761136;4.257269266715049e-07;2.9990868307152057e-05;14.93457370923268;1.3294761107405808;8.726819223252186e-07;0.0005146433075962156;16.26405000235017
a34f57fd2a52e6626cf5db9c6118f877;market activity;ecoinvent-3.9.1-cutoff;GLO;market for barge;barge;unit;a34f57fd2a52e6626cf5db9c6118f877;488744.41819102;6156.556584002437;1017.7059012915091;0.01796484799944486;0.0009974764064948226;8.780588699501244e-08;0.00321496729503314;9.014860078206406e-05;1.8170024686760364e-05;0.00012298215484620665;0.00034044076472760146;7.717793747376733e-08;0.00033458395156103435;0.00041584017306905014;4.453398900219781e-09;9.953789477001789e-05;1.0652931950368953;2.0158389764840985;0.4528029851221607;0.00027763894247389886;0.00011394054086019018;1.4213574693851518;0.0026986819654238785;0.01636845310227643;45000.067118469764;47734.090771841715;0.005534712677230402;4.974729455203938;92734.1579898494
d2df0e953e4bc32d893d9ee501b3fced;market activity;ecoinvent-3.9.1-cutoff;GLO;market for fibre cement roof slate;fibre cement roof slate;kilogram;d2df0e953e4bc32d893d9ee501b3fced;0.6512141451769804;0.005759505989316169;0.0017492762829543255;2.1373666168916713e-08;5.776502143467282e-10;7.918351758891264e-14;2.8990094198236184e-09;3.309031743963196e-11;6.60332162156826e-12;5.076653564197676e-11;1.6695409190891675e-10;5.459694750367119e-14;5.741400939919126e-10;3.0318803567804e-10;3.3256421034524637e-15;7.433140869546978e-11;9.60680823447855e-07;1.721568326437012e-07;2.1736387731710472e-07;3.3182670442154943e-10;1.254692116793145e-10;7.98508056511736e-07;2.067240883873667e-09;1.2223386681716545e-08;0.05083799249652085;0.0038689805811253663;4.611476813571882e-09;2.1634368880694926e-06;0.054706973151977645
6d673652ae29f74dc59fb0fc229bf6db;market activity;ecoinvent-3.9.1-cutoff;GLO;market for copper, anode;copper, anode;kilogram;6d673652ae29f74dc59fb0fc229bf6db;8.46027554762843;0.0540505319634986;0.009356159787444971;2.7285077083942966e-07;1.1912445512278237e-07;4.953985145518013e-13;1.8137423126057648e-08;2.096560705400008e-08;4.19656750597914e-09;6.024933855816464e-08;2.451137973942284e-08;1.4108550570142114e-12;1.3091128815839497e-08;8.273414376919708e-09;9.771429927896195e-14;2.184011775517199e-09;6.010508460451087e-06;1.5894337984729844e-05;0.00013639512612789118;4.019086487465487e-09;4.391452313280871e-09;0.00011263152683387245;5.714101324460625e-08;3.591485876305753e-07;0.3661894210936914;0.5244721272088506;2.685507187258059e-07;0.0002713560016362775;0.8906615504865537
fbbc45c575d6004d4ef2227855b434dd;market activity;ecoinvent-3.9.1-cutoff;GLO;market for light emitting diode;light emitting diode;kilogram;fbbc45c575d6004d4ef2227855b434dd;36.55470518740511;1.4694077477409788;0.5597263800760562;1.4645351049004932e-05;2.2456577137424088e-07;2.094408995246423e-11;7.668604450461551e-07;1.1802288835421399e-08;2.3209745095777422e-09;1.2928511019512555e-08;8.940888504435825e-08;2.001806610173948e-11;4.365077239414738e-08;8.899893054554987e-08;1.4371616029565418e-12;3.212199122686689e-08;0.0002541030476684732;3.800382445186955e-05;7.987006327055624e-05;2.262288712575524e-07;5.1691945643255835e-08;0.0003511044203674016;6.147025527341161e-07;5.282282774450234e-06;13.229205077362622;3.0854678008241794;1.2405385036748577e-06;0.0007292428554572464;16.31467291030879
ed68c3463cce2d453de057e112411ab5;market activity;ecoinvent-3.9.1-cutoff;GLO;market for steatite;steatite;kilogram;ed68c3463cce2d453de057e112411ab5;0.588033204704539;0.0005440145832052541;0.004262905230494284;2.785493029944965e-09;5.645346556590738e-10;4.331780486353884e-14;1.5859949199797914e-09;7.245275364799559e-12;1.5514264558793982e-12;1.1818237565863072e-11;2.5550150009676793e-11;2.2159914972432378e-14;2.5094202369506264e-09;7.580183326610958e-10;5.094373433179745e-16;1.1386431309488016e-11;5.255437936182516e-07;1.4268294095733805e-07;5.738124708783558e-08;4.248429684769959e-11;1.0364998546944663e-10;8.392876406996553e-07;5.208727740335722e-09;1.87243529032107e-09;0.06872927188065142;0.00365209093113653;5.464193000296798e-09;1.5721208593617238e-06;0.07238136282317441
84f89e9f29acae674206e9b376bb545d;market activity;ecoinvent-3.9.1-cutoff;RoW;market for paper, woodfree, coated;paper, woodfree, coated;kilogram;84f89e9f29acae674206e9b376bb545d;0.7242263292604518;0.0013723427574799795;0.001878758462007371;2.5505873693823146e-08;1.0412167343931115e-09;2.1481687365748874e-13;7.863877089173454e-09;3.5108547798712194e-11;7.143218890968489e-12;6.780039918902784e-11;4.2368993569184754e-10;3.5653091849058106e-13;1.0192558775361139e-08;6.19113722861032e-10;2.7253900772492653e-14;6.09151788992224e-10;2.60612717535807e-06;2.3730889562837964e-07;3.378912650283879e-07;3.929534490344013e-10;4.784905169382905e-10;1.7486528209329304e-06;4.2355405628589145e-09;1.0017162321269388e-07;0.10990229459617745;0.30655848333976576;2.0250880478573822e-08;5.03518376906548e-06;0.4164607785450949
428c569a472d36034de8770c3fc98358;market activity;ecoinvent-3.9.1-cutoff;RoW;market for white lined chipboard carton;white lined chipboard carton;kilogram;428c569a472d36034de8770c3fc98358;0.9858468591432875;0.001286200791271746;0.0016043551950127998;3.202965200875068e-08;7.894474612734368e-10;1.276507435330423e-13;4.673835714703666e-09;3.3618902167832396e-11;6.818493748984687e-12;4.6204820716117705e-11;2.580611193626352e-10;2.0838755121177856e-13;7.9027961865357e-10;4.733143698237067e-10;6.640051211926178e-15;1.4841174878082883e-10;1.5487883211787875e-06;2.1719368998186219e-07;2.762009960630079e-07;4.86133596010182e-10;2.582276062482966e-10;1.2409087572321916e-06;3.2018597561286385e-09;2.4405486527102596e-08;0.12634968904145216;0.009845617159104439;7.071741955986377e-09;3.3113834562121147e-06;0.13619530634896834
67ece99ef0c5d14c8608c570092a6ee5;market activity;ecoinvent-3.9.1-cutoff;RoW;market for silicon, single crystal, Czochralski process, photovoltaics;silicon, single crystal, Czochralski process, photovoltaics;kilogram;67ece99ef0c5d14c8608c570092a6ee5;56.18398275736275;0.07947763404813217;0.080109795642905;7.32188796169891e-06;9.450075665503781e-08;1.186313285025971e-11;4.3436644282517e-07;2.030075489033609e-09;4.144004592696752e-10;1.6871791593404853e-09;4.157291355735449e-08;1.2449792117291459e-11;2.355516125610133e-08;4.349599164634959e-08;4.2049323374989604e-12;9.398441996838883e-08;0.00014392974712870756;2.023743394139132e-05;2.219812369759589e-05;1.1269624668078105e-07;2.8415089670616252e-08;0.00017223976971549425;2.9925805091867596e-07;1.545521506308374e-05;7.528056946718453;0.4646350126804975;6.416251625558007e-07;0.0003744919547687502;7.9926920533833705
00ac13ad1e4664c4f86231ba99291693;market activity;ecoinvent-3.9.1-cutoff;RoW;market for sodium silicate, without water, in 37% solution state;sodium silicate, without water, in 37% solution state;kilogram;00ac13ad1e4664c4f86231ba99291693;1.177649433151197;0.000885052210848768;0.001080349634855708;1.4689887945858728e-08;1.1480426128608661e-09;9.79098525528195e-14;3.584635832222825e-09;6.628549460915065e-11;1.3243268911687551e-11;1.1133717763099501e-10;2.2108457612982083e-10;5.680241379392405e-14;4.531876331178963e-10;4.0686119302125134e-10;6.110087088184382e-15;1.3656652351293464e-10;1.1878508823086232e-06;3.151966232390547e-07;3.9050819351048556e-07;2.2710092291197673e-10;1.30949310253856e-10;1.2610088697437493e-06;2.7865885848255073e-09;2.2457605122423463e-08;0.06587964383823869;0.004209895650487627;6.004763977487712e-09;3.180142114409474e-06;0.07008953962529282
3f563a187a8cb5c34032e5a9c149aebf;market activity;ecoinvent-3.9.1-cutoff;GLO;market for acetanilide;acetanilide;kilogram;3f563a187a8cb5c34032e5a9c149aebf;2.0322497681466336;0.002888713154625735;0.009302886451806809;1.293841619332182e-07;4.710403781815108e-09;3.9434025654838154e-13;1.4440524234827964e-08;2.1715027214146399e-10;4.219769110465979e-11;3.7075645148340814e-10;8.819011014209526e-10;5.199364011889562e-13;6.49178539351947e-10;1.4670317777598774e-09;5.082813554272347e-14;1.136059383038454e-09;4.785431077321648e-06;8.86672062403707e-07;1.4191822981154742e-06;1.998515673529135e-09;1.1741653245338994e-08;5.320058834551551e-06;9.59497765062301e-09;1.868186460606885e-07;0.7110596574015413;0.01239838623504787;2.277986380410114e-08;1.2621416892919886e-05;0.7234580447726484
6f87a856895cad480f48bf1a764d078e;market activity;ecoinvent-3.9.1-cutoff;RoW;market for autoclaved aerated concrete block;autoclaved aerated concrete block;kilogram;6f87a856895cad480f48bf1a764d078e;0.16021577921202051;0.000446035630967238;0.00037864548770538524;4.8964682873903645e-09;1.7661807596779557e-10;3.767535965110147e-14;1.3792396700827603e-09;6.2919585701672746e-12;1.2858637715335065e-12;1.2476658713807125e-11;3.548198585321862e-11;1.2347754337810862e-14;8.747067075366005e-11;1.2416715533589774e-10;5.527634417924154e-16;1.2354812702525031e-11;4.5706664251191945e-07;5.533512336478399e-08;4.123430896199098e-08;7.581430393663768e-11;2.984865023666784e-11;2.39010428199859e-07;8.492917893033299e-10;2.0316802236569315e-09;0.021851051930963733;0.0010295933235716054;1.8230689509353383e-09;7.956286244872793e-07;0.022880645266890157
2163fa3e7bae53cb43355ec6acc7cc3e;market activity;ecoinvent-3.9.1-cutoff;GLO;market for onshore natural gas field infrastructure;onshore natural gas field infrastructure;unit;2163fa3e7bae53cb43355ec6acc7cc3e;2235894.8169536735;31521.052294232166;4736.935852936866;0.08634605488472033;0.002397184342663178;3.133433444209375e-07;0.011473417928824552;0.0001650133561397705;3.5059625143053904e-05;0.00014264009918869467;0.0011495462004161385;2.917212127481041e-07;0.0015411459356968402;0.001597314674333081;2.1547056845433947e-08;0.0004815981511960564;3.8016531929205017;8.964575231217685;0.7273882874402546;0.0013334689534421917;0.00040282270433916533;4.5664023467877115;0.010569741423549371;0.07919613701102858;191440.62640814812;245059.89181979984;0.01850173076367399;18.15144907819901;436500.51870954613
223f6be222ab4d6aec8ac4ea00f2d1b7;market activity;ecoinvent-3.9.1-cutoff;GLO;market for wheat grain, organic;wheat grain, organic;kilogram;223f6be222ab4d6aec8ac4ea00f2d1b7;0.1757972308824699;0.0002845373271699369;0.0008710675725050334;2.934742439968681e-09;3.2428321171786664e-09;3.680079771928706e-14;1.346755374588144e-09;9.602464704309017e-12;1.9072708914079012e-12;1.3569864070652873e-11;1.1528207425937491e-10;1.0178580432263485e-11;1.7079913239366564e-08;2.63844541491616e-10;2.7199771461148598e-14;6.079419450466766e-10;4.467960753102765e-07;6.916547716294374e-08;1.5512019526457635e-06;4.499163144514012e-11;4.8670512784535056e-09;1.4474528425413683e-06;1.8176874931918842e-09;9.997267110576498e-08;0.023976949386301297;0.0017640559785089779;2.208394110863714e-08;3.6213159413997594e-06;0.025741005972752216
ef4ce0dd882a0aa383bfeee65c03abf7;market activity;ecoinvent-3.9.1-cutoff;GLO;market for petrol, 4% ETBE additive by volume, with ethanol from biomass;petrol, 4% ETBE additive by volume, with ethanol from biomass;kilogram;ef4ce0dd882a0aa383bfeee65c03abf7;0.19176273286605472;0.0006466140319205515;0.006122693907757243;1.0437932408170032e-08;8.622319082957285e-10;9.103464283078812e-14;3.3360381803691882e-09;7.730756312039438e-12;1.9560012568876083e-12;3.614096158351789e-11;4.6162847655629894e-11;2.334297643796791e-13;3.527011263701768e-10;5.002922850665687e-10;2.8279628139759187e-15;6.320778158389692e-11;1.1048091856466014e-06;1.2425047394794068e-07;7.734881557952404e-08;1.5336423396112714e-10;2.5320182301729876e-10;8.854689065940435e-07;2.9072504400300032e-09;1.0394168079859645e-08;0.5391153594395999;0.0055303091193470945;5.136364042342627e-09;2.2031934292889968e-06;0.5446456686221548
d17995da46f3d353a557d63e6764540c;market activity;ecoinvent-3.9.1-cutoff;GLO;market for fibre, cotton;fibre, cotton;kilogram;d17995da46f3d353a557d63e6764540c;1.1826683614329583;0.0020565248591632446;0.0067759697335959684;3.729250758014197e-08;1.2440078659125063e-08;3.6781545105013006e-13;1.3462482397740933e-08;3.244225391918897e-10;4.0164253554727255e-11;1.8507373950762325e-10;2.9555091625631703e-09;7.313111054258325e-11;5.155893593764136e-08;2.4481026705185603e-09;2.678749113172986e-12;5.987270696301929e-08;4.464033411923407e-06;6.808424852553593e-07;1.9024196424696784e-06;5.638012943862081e-10;2.652735400097986e-08;7.6167945523982895e-06;1.69747125992665e-08;9.845733610248266e-06;0.2144476567471826;0.011788414099410432;8.349083076875459e-08;2.455385099934081e-05;0.22623613071930004
f40f8355c2887c397395e613197b065f;market activity;ecoinvent-3.9.1-cutoff;GLO;market for soybean, feed;soybean, feed;kilogram;f40f8355c2887c397395e613197b065f;0.40983765652767024;0.00044957059908372896;0.0006632342793333264;4.685789596077686e-09;5.463151551144742e-10;2.3570674214689237e-13;8.627148072103965e-09;2.4855461428724165e-10;1.6416717457450487e-11;7.440376467035376e-11;1.3716812404822973e-10;4.2835879526079296e-12;2.173815977719232e-08;3.136583358313875e-10;1.1122175329491413e-13;2.485916807286159e-09;2.859668067460087e-06;7.03648211630551e-08;1.174283713890327e-07;7.197147196317912e-11;3.895181647506915e-09;1.3988353051454151e-06;2.0797609941418847e-09;4.087951907184678e-07;0.028823162713772825;0.0020680238184184823;3.170642850001224e-08;4.8611299526490595e-06;0.030891189018108115
542da4756e2865b641823340f174e218;market activity;ecoinvent-3.9.1-cutoff;GLO;market for polyethylene terephthalate, granulate, bottle grade;polyethylene terephthalate, granulate, bottle grade;kilogram;542da4756e2865b641823340f174e218;1.512471748836705;0.017579653209551252;0.009636612047059111;6.190098053639916e-08;1.7582103146930239e-09;2.3710182706659763e-13;8.683387064729753e-09;8.491743712207485e-11;1.717010018162829e-11;1.6036969544880361e-10;3.96359814042274e-10;1.7017618497519305e-13;3.432592206394701e-10;9.140142501046263e-10;1.999575017018408e-14;4.469249040747561e-10;2.876839247514073e-06;5.360906925269319e-07;6.323297725146706e-07;9.546958373305849e-10;1.038454746452273e-08;2.2841741311679263e-06;6.07801602805421e-09;7.349431439643578e-08;0.5818034436486488;0.007189690163969865;1.2357966400384859e-08;6.420296193803877e-06;0.5889931342595437
bac40b926656baff52eb60fed430d551;market activity;ecoinvent-3.9.1-cutoff;RoW;market for slab and siding, softwood, wet, measured as dry mass;slab and siding, softwood, wet, measured as dry mass;kilogram;bac40b926656baff52eb60fed430d551;0.05756529800070419;3.6165783950408404e-05;0.00011032930716485987;3.552328110015249e-10;1.694666941223636e-11;2.045515157322679e-15;7.489461368601559e-11;4.2056038992666064e-13;9.907887227163311e-14;3.399080817769944e-12;3.762622959145451e-12;1.7548399804268283e-15;2.210075747049768e-09;1.7462669927787695e-11;5.475417625745893e-17;1.2238102978524982e-12;2.481699263177853e-08;7.115120661766148e-09;3.897592913166499e-09;5.480948951789744e-12;4.5409032019769035e-12;2.4664163024542284e-08;1.1774383887859258e-10;2.0124879587583386e-10;0.0029254920223563074;0.00012687632037132734;2.327062198677341e-09;6.08219895470987e-08;0.0030523683439514448
8ce0c39aabeef43248e450f6a9e9edc7;market activity;ecoinvent-3.9.1-cutoff;RoW;market for chlorine, for reuse in titanium tetrachloride production;chlorine, for reuse in titanium tetrachloride production;kilogram;8ce0c39aabeef43248e450f6a9e9edc7;0.43479673966367977;0.0002550754663293019;0.00037372926920994584;6.788289761363341e-08;4.3763959187685273e-10;5.2704628377554375e-14;1.929455209172677e-09;1.3849692569600193e-11;2.818638608420701e-12;9.972558957758214e-12;2.9524464683411157e-10;5.423182876465743e-14;8.561183138357e-11;1.6913021161757533e-10;3.330605214429938e-15;7.444233916212602e-11;6.394027868867903e-07;1.0914325238869287e-07;1.4670045369184898e-07;1.0344881209215045e-09;1.5478501159459905e-10;1.0340999592926934e-06;1.1526358737277886e-09;1.2241628579892826e-08;0.041244999430599824;0.0006496853834640527;2.943622547129124e-09;1.9438603795160477e-06;0.04189468488850621
23cd14ef7f57ad273d649977124985aa;market activity;ecoinvent-3.9.1-cutoff;GLO;market for protein pea, organic;protein pea, organic;kilogram;23cd14ef7f57ad273d649977124985aa;0.3275649886578421;0.000291625186421801;0.0011503704756373034;4.970556529372833e-09;2.94261656965217e-09;6.06631924694927e-14;2.219939808721631e-09;1.2681718679037642e-11;2.5779385308484595e-12;2.3322047325692778e-11;1.5344358529807049e-10;6.917920031001995e-12;3.081979430835075e-08;3.8933716995701647e-10;1.7184621624415024e-14;3.8409338512864406e-10;7.365479222075517e-07;9.676372305648908e-08;5.788332034381993e-07;7.634067382912688e-11;8.625087849119963e-09;1.4708928878154296e-06;2.6838173390291287e-09;6.316202061434938e-08;0.033723165183809245;0.002481326909442638;3.6570693127393664e-08;2.957579739458408e-06;0.03620449247734526
0d80fd67a66aae662253a6c856bd0ebd;market activity;ecoinvent-3.9.1-cutoff;GLO;market for cottonseed meal;cottonseed meal;kilogram;0d80fd67a66aae662253a6c856bd0ebd;1.0458223380577394;0.0003189555909683436;0.0007395494459132644;4.82650104542173e-09;1.211598303729952e-09;7.034238449874008e-14;2.5747242545957217e-09;3.43884454189764e-11;4.031983987340741e-12;2.2689854874669447e-11;2.8428756732081513e-10;6.282404659955693e-12;5.0273930716321284e-09;2.695376636830932e-10;2.1720735394792945e-13;4.854800395148981e-09;8.535761035903664e-07;7.473916732100352e-08;2.0506656335098287e-07;7.357307593332844e-11;2.438972230462361e-09;7.746090096600895e-07;1.859407056055698e-09;7.98344919515469e-07;0.025953290085308035;0.0013733053914675671;9.435206173362767e-09;2.7107027810715357e-06;0.027326600331575992
df3ad4f3bd1f0fd6ce01353bbda60eb1;market activity;ecoinvent-3.9.1-cutoff;RoW;market for polyurethane, rigid foam;polyurethane, rigid foam;kilogram;df3ad4f3bd1f0fd6ce01353bbda60eb1;2.6383230118037098;0.0049986337311075674;0.09619595231011127;9.940386995009217e-08;4.886872576980752e-09;4.807501383902124e-13;1.7604920022536664e-08;2.2245446994702782e-10;4.398295405502499e-11;3.7023960563439925e-10;1.033312809296002e-09;3.248629000939606e-12;6.709182990233051e-10;2.0788965422925966e-09;6.217416810683052e-14;1.3896544956091132e-09;5.8337799993115725e-06;1.7744916513675621e-06;1.469817702043825e-06;1.5214183201631377e-09;1.0651969920488718e-08;6.335111248932412e-06;1.3434279138438674e-08;2.2852095166671048e-07;0.8033358874925677;0.020940828196655492;2.6915017479948722e-08;1.566720625525597e-05;0.8242767170788778
67630121f211c6ebf74e065e1fda9b78;market activity;ecoinvent-3.9.1-cutoff;RoW;market for sugarcane;sugarcane;kilogram;67630121f211c6ebf74e065e1fda9b78;0.03808498641469778;3.916830896503626e-05;8.059496090492655e-05;4.072481024232467e-10;1.4518097279068417e-10;6.5420141906413826e-15;2.39466044038463e-10;5.242135029891501e-12;4.790747114729172e-13;3.037014464979789e-12;1.682877905595693e-11;1.851586488053915e-13;1.0397700658924723e-09;2.6489009983618816e-11;1.0272741826074357e-14;2.2960599708076623e-10;7.938668892419087e-08;1.1674047729377261e-08;4.421368204250323e-08;6.233332186600612e-12;2.0288772306418554e-10;8.118776895910863e-08;1.7971597882496725e-10;3.775742900632442e-08;0.0029239828166135145;0.00024912685502590534;1.4741428401421068e-09;2.537625962650093e-07;0.0031731099012454163
e0ea23ca182b7bafc7e530349ef7886e;market activity;ecoinvent-3.9.1-cutoff;GLO;market for wood preservative, water-based, outdoor use, no ground contact;wood preservative, water-based, outdoor use, no ground contact;kilogram;e0ea23ca182b7bafc7e530349ef7886e;0.9481491398595702;0.001880101834104253;0.03188478624020394;2.890809419752304e-08;9.306571746641396e-10;1.2748140731604543e-13;4.667362471844581e-09;7.291027524390459e-11;1.1336791535737788e-11;1.0138863281476873e-10;3.0965034111217584e-10;8.895735937820183e-13;4.2940211508300166e-09;4.199498849396765e-10;1.7225697564865326e-14;3.8501147325183463e-10;1.5466812189899295e-06;2.686669514284131e-07;3.018499910685356e-07;4.4251231360645475e-10;9.555448403384369e-10;1.2855990709506656e-06;2.777675801646144e-09;6.331299509922193e-08;0.13401847117999988;0.01571039342976925;1.0808055681683398e-08;3.470201387646308e-06;0.14972886499478058
fb6339d0fe2d22a9fa4d59817b5528df;market activity;ecoinvent-3.9.1-cutoff;RoW;market for calcium chloride;calcium chloride;kilogram;fb6339d0fe2d22a9fa4d59817b5528df;1.2570001067558971;0.0006358040023059332;0.000692200972926356;1.4130656897042569e-08;1.3247423778699013e-09;6.593627108030804e-14;2.4140826730638953e-09;5.216249128503605e-11;1.0414914027649141e-11;7.914666489513122e-11;2.1085707484554248e-10;9.264635935706419e-14;4.3963407374658756e-10;2.94865225367439e-10;1.5569702392988876e-14;3.479983341077617e-10;7.999645688690548e-07;2.352653703407865e-07;3.355020136848981e-07;2.0641546692412153e-10;9.848075227233079e-11;1.2116635687140206e-06;2.037221235223735e-09;5.722639025744183e-08;0.03219321564106625;0.010072411705583966;4.826003334063012e-09;2.641938761364349e-06;0.04226562769464856
606717c7e4c3ec112c0b03cbce1a5610;market activity;ecoinvent-3.9.1-cutoff;GLO;market for fibre, kenaf;fibre, kenaf;kilogram;606717c7e4c3ec112c0b03cbce1a5610;17.106329545614656;0.0006084106976493163;0.0012605355931274245;1.1134559764156516e-08;4.190391381883628e-09;2.286275091651026e-13;8.368629041268232e-09;4.484462797192871e-11;9.281251943631063e-12;6.376921058328296e-11;8.080929945931741e-10;8.632016908356545e-12;2.2082297755148326e-08;8.926913927103881e-10;3.115971437407993e-13;6.964506077095215e-09;2.7748780135403287e-06;2.537177049991101e-07;-2.0920954779163324e-06;1.6964955724394564e-10;6.912023565622699e-09;3.340179531716319e-06;6.099550388283682e-09;1.1452742833957336e-06;0.05684222225926108;0.0035671341161055163;3.6469123431958444e-08;5.435119909685901e-06;0.060409363339872686
bc63d2f023b5adf9263d190c2b3b4a6b;market activity;ecoinvent-3.9.1-cutoff;GLO;market for polystyrene, general purpose;polystyrene, general purpose;kilogram;bc63d2f023b5adf9263d190c2b3b4a6b;0.49077223708622386;9.434380553690095e-05;0.02818802755498108;8.768183228809353e-10;2.0409472667231903e-09;3.025429212013299e-13;1.1084113984555292e-08;1.558446007512444e-11;3.2825236439659353e-12;2.7944274659642296e-11;3.384699088886109e-11;4.358953573912624e-14;4.017070607581267e-11;8.84034707544525e-10;3.207962000420782e-14;7.170114134809286e-10;3.6713507625252477e-06;2.128307846513266e-07;1.0801972619540993e-07;1.3364535169702365e-11;2.2578139595981104e-11;1.9587618557138828e-06;5.907551974045961e-09;1.1790853847649044e-07;0.7550030233120898;0.0006481268325906982;1.4130300330432873e-08;6.074814327698526e-06;0.755651150861692
7752e33a0bd5a6347d125c67da9dcd85;market activity;ecoinvent-3.9.1-cutoff;GLO;market for sawnwood, hardwood, raw;sawnwood, hardwood, raw;cubic meter;7752e33a0bd5a6347d125c67da9dcd85;159.4358235258456;0.17818124837025462;0.3220884811182678;1.4175315638411264e-06;6.266710467670487e-08;6.635687188927627e-12;2.4296417493822324e-07;1.3860674626236804e-09;3.1699201614993433e-10;9.386708217163345e-09;1.7980840062898294e-08;7.236915370687016e-12;6.635162764421945e-06;6.620224303778543e-08;2.1875266762990791e-13;4.889339692910034e-09;8.050751627275355e-05;2.391927790463247e-05;1.1993905253434502e-05;2.187231904135135e-08;1.586670667853154e-08;8.647548981624113e-05;4.368557656990713e-07;8.040247149028803e-07;9.268896517667931;0.42192410302120664;7.036066138654497e-06;0.00020416988950936344;9.690820625578477
6ab0c8da4712821cea8df4936316f958;market activity;ecoinvent-3.9.1-cutoff;RoW;market for ethanol, without water, in 99.7% solution state, from ethylene;ethanol, without water, in 99.7% solution state, from ethylene;kilogram;6ab0c8da4712821cea8df4936316f958;0.5204021916378079;0.03349453148781762;0.005144962319353084;9.24130112145024e-09;1.495621275508313e-09;1.505696072066787e-13;5.513919242216477e-09;4.1703696302586264e-11;8.475930616913983e-12;5.075236332934207e-11;6.842496966637074e-10;8.299185880466866e-14;2.341685206309635e-10;7.423830441522264e-10;8.436223561013732e-15;1.8855798725577647e-10;1.8268769489468596e-06;3.436063067877145e-07;3.666471314613613e-07;1.4510492647154618e-10;2.478492354404344e-10;1.4825759633024568e-06;4.8078681390394144e-09;3.1007312125567256e-08;0.38016447143278376;0.01061583646149732;8.77148223534403e-09;4.055903423013655e-06;0.39078030808283903
c7d075041447723e052defd7d3c10af2;market activity;ecoinvent-3.9.1-cutoff;RoW;market for lime, hydrated, packed;lime, hydrated, packed;kilogram;c7d075041447723e052defd7d3c10af2;0.23140974973585976;0.00011803404641541707;0.0005077330657351788;3.0721778681499368e-09;2.0287200727321922e-10;7.786101864352541e-14;2.8501562972951344e-09;2.695607311160267e-12;6.944031744999759e-13;2.612692501161292e-11;2.1550918572640733e-11;2.8171299277456108e-14;1.604893669969968e-10;1.3515566677434773e-10;4.2218523207531676e-16;9.436259842273404e-12;9.445780360576832e-07;2.997871313175806e-08;2.9721464972867174e-08;4.729890818391657e-11;4.19843958283753e-11;2.4674659462535547e-07;9.008705325581925e-10;1.5517404406233335e-09;0.04444118247665655;0.0006886010563433452;3.399839047279742e-09;1.2535638872595035e-06;0.04512978354243616
d83acfba43458f2b1ace32123e313f79;market activity;ecoinvent-3.9.1-cutoff;RoW;market for lubricating oil;lubricating oil;kilogram;d83acfba43458f2b1ace32123e313f79;0.6417242488073169;0.0021557304122276893;0.006200437047146748;3.368527305065756e-08;1.2736295862815555e-09;1.3603932471952868e-13;4.983369332608774e-09;4.533692451533889e-11;9.330300320612671e-12;7.72954622930256e-11;2.3547606534092533e-10;1.554511284030946e-13;2.526526006551005e-10;1.4895990507282097e-09;5.832946500536883e-15;1.3037215573501198e-10;1.6507579486036641e-06;3.0262317381613696e-07;3.1499845643137033e-07;5.175257808754071e-10;2.2763335585511067e-10;1.619359731778981e-06;7.856387906046873e-09;2.1438975798330908e-08;0.5949787893842561;0.007382123398851653;8.366879435160512e-09;3.917744342018905e-06;0.6023609129134798
854e5671eb549292a80f1e1f268634b4;market activity;ecoinvent-3.9.1-cutoff;GLO;market for flax husks;flax husks;kilogram;854e5671eb549292a80f1e1f268634b4;0.17708008638675546;3.5056463299067294e-05;9.044356224357226e-05;5.470315728895531e-10;1.2868147036035715e-10;5.072664140564724e-15;1.8569446518287052e-10;1.5797311212949801e-12;3.045844522196667e-13;5.775715454952929e-12;8.860406732152537e-12;1.912320955724359e-13;8.488070747645492e-11;4.4146791987584646e-11;6.8657996404426375e-15;1.534574506875364e-10;6.155744213612152e-08;1.0464058172293101e-08;-7.592036127141092e-09;8.31751436917241e-12;1.7182420721808538e-10;9.556731782304657e-08;3.0391273697253715e-10;2.5235224138279064e-08;0.004605868937461328;0.00021062368558346018;4.601252045442841e-10;1.8571545141046792e-07;0.00481649277650224
4656577c28e886c5cf15a95f0022517b;market activity;ecoinvent-3.9.1-cutoff;GLO;market for hexamethyldisilazane;hexamethyldisilazane;kilogram;4656577c28e886c5cf15a95f0022517b;2.308150835680116;0.00575550682260955;0.20525354958011457;1.731846877701779e-07;4.268715787021174e-09;5.1198343204278e-13;1.8747071935905347e-08;1.591829057982857e-10;3.1869894449812e-11;2.2560292135439155e-10;1.047255106650477e-09;3.470984055598845e-12;1.4225243788074734e-09;1.9229403286918238e-09;1.1612785854786062e-13;2.595573139301313e-09;6.211753151754489e-06;8.476710859257977e-07;1.1018395767620651e-06;2.639614709895196e-09;2.143666880098376e-09;5.564501288282905e-06;1.2942227801003695e-08;4.268275645405666e-07;0.5915216176643927;0.021871472697865397;2.782861297572558e-08;1.4170103142554676e-05;0.6133930929578312
986af7e1d0a2ba6599c4f8ea965f6ef8;market activity;ecoinvent-3.9.1-cutoff;GLO;market for bagasse, from sweet sorghum;bagasse, from sweet sorghum;kilogram;986af7e1d0a2ba6599c4f8ea965f6ef8;0.01791174354488044;5.4789036595837173e-05;3.082884185650031e-05;1.7247089538196394e-10;3.131991130316075e-11;1.1304293691748008e-14;4.137552909603591e-10;8.185448728684415e-13;1.5284753336486209e-13;2.047058858237399e-12;5.407239598398003e-12;7.288656863460364e-14;2.6716465366836127e-10;1.4836859474360536e-11;3.5237218975671897e-15;7.875868910407756e-11;1.3713671865170247e-07;3.4639222283574554e-09;3.0229950770073213e-09;2.6354067429440215e-12;8.65188501963703e-11;4.1263184929584913e-08;1.0289420732952712e-10;1.2951428317581556e-08;0.0011454567464189126;7.363856138888448e-05;7.355895063727427e-10;1.9803009882351467e-07;0.0012190953865664862
d24dac36fe814aed5d0a823b4cd727ef;market activity;ecoinvent-3.9.1-cutoff;GLO;market for roof tile;roof tile;kilogram;d24dac36fe814aed5d0a823b4cd727ef;0.318182435361185;0.0002802232737300033;0.0005439678495075245;6.150073849698386e-09;1.8129625692834224e-10;3.5477362240795335e-14;1.298835408549232e-09;5.450387897068376e-12;1.1542787841802499e-12;1.764608975898466e-11;2.896335006503572e-11;1.0743101027390845e-14;6.091399184961751e-11;1.5235954109882124e-10;4.784613432179932e-16;1.0694086898526796e-11;4.304058957808451e-07;6.398688252779148e-08;4.0271036628334885e-08;9.49678784438138e-11;2.9595811041860236e-11;2.401376627403992e-07;1.020338528181473e-09;1.7585831031954948e-09;0.03549113270648844;0.004359007790052996;1.746654837889515e-09;7.777012756676954e-07;0.039850140507235524
c37f51d47f6f5d1e8d6c8d1eb61d335c;market activity;ecoinvent-3.9.1-cutoff;GLO;market for synthetic rubber;synthetic rubber;kilogram;c37f51d47f6f5d1e8d6c8d1eb61d335c;1.311933840694227;0.02015470467092339;0.007820261519819304;1.1334326771788865e-07;2.031062714193829e-09;2.4040061456663197e-13;8.804239702665306e-09;9.45804483084672e-11;1.9395779544491146e-11;1.3048387311527424e-10;5.111650004049884e-10;2.0147670491220765e-13;7.43306829555496e-10;1.1321381202223675e-09;2.5902694771582627e-14;5.7895099096253e-10;2.916877734469584e-06;5.590061841234328e-07;7.842912914270897e-07;1.7519563754825159e-09;3.580464810382121e-10;2.8022395069685042e-06;7.097667241159106e-09;9.520526997262847e-08;0.6830830446830684;0.008514376385566232;1.3466672735417557e-08;7.166772221879048e-06;0.6915974216475856
768fdad16396ad2811ed4798c129bed1;market activity;ecoinvent-3.9.1-cutoff;GLO;market for acetic anhydride;acetic anhydride;kilogram;768fdad16396ad2811ed4798c129bed1;1.358622747262805;0.0025695457399320778;0.005714923237116505;1.322997834045073e-07;2.6122565844688833e-09;3.4310710388812716e-13;1.2565332923061028e-08;1.0857302258603608e-10;2.095020015940177e-11;1.4818270795152911e-10;7.557335717694012e-10;1.8628222165022115e-13;7.030439831765181e-10;1.3837676626170706e-09;1.1838427539530766e-13;2.6460063000737263e-09;4.163015287309511e-06;6.383528857061969e-07;7.079933720034118e-07;2.047264580232129e-09;5.026751884650382e-10;3.696175522483825e-06;8.891494847749804e-09;4.3512101728848924e-07;0.5466682229540398;0.008624552659026133;1.8298130469501917e-08;9.65198100584403e-06;0.5552927782590723
7bc83af8add810bea547f73525fd71b1;market activity;ecoinvent-3.9.1-cutoff;GLO;market for ethyl tert-butyl ether;ethyl tert-butyl ether;kilogram;7bc83af8add810bea547f73525fd71b1;0.42313007055187746;0.0038055157370557027;0.00359717443761503;1.369818132516546e-08;1.2870763511587962e-09;1.8697884691180688e-13;6.845928659904776e-09;2.57622630999593e-11;3.89708401443279e-12;3.710072178890239e-11;1.3451563441683628e-10;1.825897945701128e-12;6.5593736748923315e-09;5.382008103566263e-10;4.379440631597261e-14;9.788485390741788e-10;2.2686893101330388e-06;1.5776691172346421e-07;2.2617042618994338e-07;2.089214484819014e-10;2.559342575436739e-09;1.1303480435070916e-06;3.4181823953794673e-09;1.6096619727679431e-07;0.3370631555523099;0.004430847591097885;1.5253732099026648e-08;3.890412298425923e-06;0.34149400412225633
c1baf154dbe98c2a3cdb2dc2971b8c13;market activity;ecoinvent-3.9.1-cutoff;GLO;market for boron trifluoride;boron trifluoride;kilogram;c1baf154dbe98c2a3cdb2dc2971b8c13;2.754580160480269;0.01172613733462968;0.009434978309840343;1.0185514020859624e-07;8.96048900648136e-09;2.520577448918197e-13;9.228805524016829e-09;5.894080323778576e-10;1.1707098667061223e-10;1.0606706494103642e-09;1.145903127033292e-09;1.9805498013959252e-13;1.1041924588688912e-09;1.7792420843995608e-09;4.2300306714963624e-14;9.454539269603125e-10;3.0580353490380318e-06;1.1307794466405028e-06;3.682043759274843e-06;1.5666192215815592e-09;6.098369618978505e-10;9.434573370739622e-06;1.2209044848861157e-08;1.554746390765984e-07;0.25888374800580216;3.81052232998081;2.398602508923034e-08;1.7475209563673226e-05;4.069406078932065
f3ee31a9ae0b31caa8f4bdb3c0e410ed;market activity;ecoinvent-3.9.1-cutoff;RoW;market for diethyl ether, without water, in 99.95% solution state;diethyl ether, without water, in 99.95% solution state;kilogram;f3ee31a9ae0b31caa8f4bdb3c0e410ed;3.069829616661827;0.09750703101689626;0.014466250866786247;1.8573106124263348e-07;8.592555257740544e-09;4.766081044681523e-13;1.7453117073372467e-08;4.663495526839544e-10;9.275931149125941e-11;8.752343327523645e-10;2.0765150661937896e-09;3.395819822323611e-13;1.0932008262026722e-09;2.299410572156332e-09;7.274122112789606e-14;1.6258386406198172e-09;5.782677095151794e-06;1.3125349992092563e-06;3.0640705003853625e-06;2.7654836490357177e-09;1.6029129155648772e-09;8.942174118023595e-06;1.5057429995037775e-08;2.673601205082987e-07;0.9773057584180398;0.08521762963837365;3.294957154629069e-08;1.938809058111502e-05;1.062523389682252
