location;database;code;name;reference product;unit;Total (kg);Total (m3);Hazardous (kg);Hazardous (m3);acidification: terrestrial;climate change: freshwater ecosystems;climate change: terrestrial ecosystems;ecotoxicity: freshwater;ecotoxicity: marine;ecotoxicity: terrestrial;eutrophication: freshwater;eutrophication: marine;land use;photochemical oxidant formation: terrestrial ecosystems;water use: aquatic ecosystems;water use: terrestrial ecosystems;climate change: human health;human toxicity: carcinogenic;human toxicity: non-carcinogenic;ionising radiation;ozone depletion;particulate matter formation;photochemical oxidant formation: human health;water use: human health;energy resources: non-renewable, fossil;material resources: metals/minerals;ecosystem quality;human health;natural resources;parameters full;activity type
GLO;SSP1-PkBudg500-2020;b347692f644518e97f7e43cb2d71b255;market for generator, 200kW electrical;generator, 200kW electrical;unit;2988.8163847591604;14.469206773199808;4.363684199898356;0.0001051351494282;2.3686204919823003e-05;3.3445447547835167e-10;1.2245350001871265e-05;6.467630092249465e-06;1.260770193957846e-06;1.0003534247526967e-05;7.866872032081846e-06;4.0642648397501126e-10;2.612396107202464e-06;2.687703143936443e-06;2.6049856427548595e-11;5.822402003403379e-07;0.0040577370797031;0.0129968486873501;0.0316978442256913;1.590130903038818e-06;1.196125703749376e-06;0.0218261994521453;1.8391117359691644e-05;9.57461621581485e-05;226.99604550313484;193.99851596549485;6.683112934465688e-05;0.0706955206134392;420.9945620508699;;
GLO;SSP1-PkBudg500-2020;d2497626d0ff16ce6b1dc1f9ae36edcb;market for hexamethylenediamine;hexamethylenediamine;kilogram;1.2104266299482398;0.0018389417168993;0.0153824006956882;5.648377869225392e-08;2.7365441517104753e-09;3.865393028870198e-13;1.4158222324190065e-08;1.5393855838740846e-10;3.069295663561096e-11;2.7038773387282003e-10;5.329726088165957e-10;2.052385853481763e-12;3.0099870315370725e-10;1.1154790853473206e-09;2.118154803314796e-14;4.734286657064359e-10;4.690239128593726e-06;7.748966834014445e-07;8.583611375748729e-07;8.793921709045542e-10;1.9235370791699815e-10;2.507954877661429e-06;7.011097958503402e-09;7.78527105660998e-08;0.7972069820662183;0.0086659148629084;1.930168468742973e-08;8.917383693935388e-06;0.8058728974025555;;
RoW;SSP1-PkBudg500-2020;15d8b2386c577db7fdc3b1152b55f2fc;market for nylon 6;nylon 6;kilogram;0.5846856594482401;0.000197840714638;0.1032301583739794;1.2575495761283303e-09;5.096809178734841e-09;7.563282833922398e-13;2.769455746724589e-08;2.216287180371196e-11;4.916932704192615e-12;7.567234454606304e-11;1.4497567247908324e-10;1.381281174080341e-12;4.232339859626156e-11;2.7428290962893222e-09;4.19941162322036e-14;9.386102651336023e-10;9.18034960893975e-06;5.331451628490376e-07;1.3548266630796056e-07;1.9067769776417588e-11;5.0304292490157173e-08;4.909100532213118e-06;1.858849098088212e-08;1.5434923695796637e-07;0.92740319206939;0.0008561445939536;3.5826425668153465e-08;1.4981338716477303e-05;0.928259337601954;;
GLO;SSP1-PkBudg500-2020;74f2c59707a53906183ba479f596d3fc;market for dust collector, electrostatic precipitator, for domestic use;dust collector, electrostatic precipitator, for domestic use;unit;59.96828125750272;0.4116742767602953;0.4117397528741801;2.6572095959048463e-06;2.39075103241226e-07;5.4584091422766016e-12;1.9985430378617225e-07;2.3616672411643247e-07;4.378218986143991e-08;1.0151495551235596e-07;8.747172092886515e-08;6.445295683499877e-12;3.315231772796184e-08;3.316772504771624e-08;4.643870942316928e-13;1.0379513435436334e-08;6.622483938054637e-05;0.0001907981784421;0.0003259138733963;4.068687694728314e-08;1.7075144837083502e-08;0.0002505956131705;2.259930547870971e-07;1.7068532470465991e-06;4.7963759564458135;1.8618103560614108;9.741962352058774e-07;0.0008355227265144;6.658186322886737;;
GLO;SSP1-PkBudg500-2020;3f67014b8e14d9835fb8ebbdfb733ecc;market for disodium disulphite;disodium disulphite;kilogram;1.0485313404745216;0.0050049702080961;0.0019448005507894;6.895641459596189e-08;8.61688764880368e-09;1.0512527418505296e-13;3.849035326132977e-09;8.561431083527855e-11;1.754316877328107e-11;1.6335838800880174e-10;3.6069577598427726e-10;8.61892007438328e-14;2.352578785109692e-10;3.3487733420207465e-10;1.2342935609165344e-14;2.7587688714738167e-10;1.275415258653362e-06;3.923831376754101e-07;6.689216174763838e-07;1.0397884862973052e-09;3.6589084876832567e-10;7.603953933799071e-06;2.2872561516655437e-09;4.536641948985751e-08;0.0771099515232028;0.0203428782233838;1.3663470152754252e-08;9.98973223841591e-06;0.0974528300224636;;
RoW;SSP1-PkBudg500-2020;c7afdd330b2c647e24d538c8ce4de860;market for wood wool boards, cement bonded;wood wool boards, cement bonded;cubic meter;89.44566304698829;0.0434387678967327;0.0836552851043245;2.487831332892326e-07;1.2417266524235562e-07;1.9833128536714396e-11;7.2608698287052e-07;2.9166441121220387e-09;7.085601449092848e-10;2.5047825824770133e-08;2.3949911770580945e-08;6.740258544748939e-12;2.975758364389519e-07;8.485155866992604e-08;4.664210737242684e-13;1.0424974900091204e-08;0.0002406118704821;3.043051619751445e-05;2.835446548258861e-05;3.084331631787561e-08;1.7984117920190056e-08;0.0001626151488032;5.82432590419461e-07;1.7143291320237062e-06;13.641600452802832;0.6939884044386345;1.2853275646220411e-06;0.0004643544620601;14.33558886766644;;
GLO;SSP1-PkBudg500-2020;2739b02059e99f04600f367327f0f841;market for natural gas processing plant;natural gas processing plant;unit;7639252522.653538;73023780.8842897;16174510.148398647;271.7997898532583;7.684963788111065;0.0010323068381424;37.79816706229829;0.5545359899455977;0.1204246872083153;0.9358075439250598;3.710137729624645;0.000785542515708;2.7090147877947524;4.590352575727983;6.981366292961045e-05;1.5604048031390396;12524.405558568396;34504.38810688612;2475.0329580598927;4.188759733303076;0.9937990734931276;12562.440829674208;30.14341077036928;256.5998899189262;618357124.4535673;832297179.8267614;58.10525552609217;62358.18163533959;1450654305.8407335;;
RoW;SSP1-PkBudg500-2020;b039df81040a0499567c2c2314486d97;market for steam, in chemical industry;steam, in chemical industry;kilogram;0.0115671091750087;5.8346829586138405e-05;0.0002544780337359;1.3360988377779139e-09;1.7262485081529539e-10;2.61727742287812e-14;9.582529359218312e-10;1.3661096000129573e-12;3.431919806264946e-13;1.3363814220936629e-11;2.7776690924516744e-11;8.034167598801741e-15;1.04425456571721e-11;6.231821848700636e-11;2.087120251327058e-16;4.664921346675533e-12;3.1753055765199733e-07;2.0905269884014277e-08;1.7857270538261442e-08;2.032156476198461e-11;1.8362066244662194e-11;1.7291278135753142e-07;4.10832012284978e-10;7.671203662212326e-10;0.0322853633662026;0.00028059070269;1.2465225333465712e-09;5.304224465595016e-07;0.0325659540735577;;
GLO;SSP1-PkBudg500-2020;e39f0296561bf61bd6b45b0a88077030;market for azodicarbonamide;azodicarbonamide;kilogram;8.265764281622172;0.0590819183703162;0.0109798327770797;5.133352643960237e-07;1.1222190695646236e-08;1.0134245084948861e-12;3.710660867703875e-08;2.2543957594690073e-09;1.5626381586246819e-10;4.1821337444465016e-09;3.0920584560618526e-09;2.915110574736089e-11;2.0166160478529952e-09;2.971912396655363e-09;2.0422924961815197e-13;4.5647268553571695e-09;1.2295345814744574e-05;3.02879959534047e-06;4.833043272442492e-06;7.625773262901115e-09;3.999645593761621e-09;1.1476681900303643e-05;2.0150083224327066e-08;7.506439394689858e-07;0.7545022181963013;0.2351109685197966;6.303247764048776e-08;3.241626694639505e-05;0.9896131912808248;;
GLO;SSP1-PkBudg500-2020;c0c5d5df67cf36b09bee2a1d370feb96;market for rye grain, organic;rye grain, organic;kilogram;0.1653798583206158;0.0002465396015222;0.0007489847420761;2.03992901405203e-09;2.240831912014843e-09;2.9786359505432337e-14;1.0900919911073282e-09;7.257051632207663e-12;1.5274673364170653e-12;2.3170821268577158e-11;1.0233190338400831e-10;9.157928600070391e-12;1.72950928787058e-08;2.213457710512777e-10;3.4226048232216767e-15;7.649862192142319e-11;3.61619244273223e-07;6.195811491873264e-08;9.867878658228971e-07;3.156050244363023e-11;3.6999358953277876e-09;1.023534135204143e-06;1.5234834106291154e-09;1.25797728413155e-08;0.0205037775526664;0.0015711910215254;2.09908395533293e-08;2.451733642168244e-06;0.0220749686506905;;
RoW;SSP1-PkBudg500-2030;bd2032dac0eb286ae656cc8d7446818d;market for rape oil, crude;rape oil, crude;kilogram;0.9333860209072672;0.0012325768388852;0.0025907109053615;1.6704053180050265e-08;5.710992110843547e-09;2.5939471783763283e-13;9.493668693809452e-09;4.429103621052239e-11;9.046569810079303e-12;1.5741112340062374e-10;3.0262427556443347e-10;1.8959940976951675e-11;5.5140724003687156e-08;6.655364033569015e-10;5.542504026889485e-14;1.2388047757493704e-09;3.1478664390984243e-06;2.6132518519589164e-07;1.549860155833394e-06;2.588885780776214e-10;1.5646242073567317e-08;2.745527409261806e-06;4.514749716463125e-09;2.0371455435721578e-07;0.0837497401846858;0.0059640971117008;7.154355729584578e-08;7.928709771388357e-06;0.0897138385351915;;
GLO;SSP1-PkBudg500-2030;10612b01c096502d6a57c96304d7dde0;market for gas turbine, 10MW electrical;gas turbine, 10MW electrical;unit;172063.90564027327;2266.022564460127;980.0991139141202;0.0058925803573416;0.0006661631047835;2.480336080364949e-08;0.0009081607334124;0.000133396719773;2.6148745596592676e-05;0.0002146008733174;0.0001856320800235;1.9765114449719685e-08;0.0001993464533831;0.0002174635917585;1.4046146181559634e-09;3.13945337453461e-05;0.3009252757901337;0.5311789011338642;0.6528126018971121;9.140244800317784e-05;4.9735882506719256e-05;0.7207999432014145;0.0014816452782594;0.0051626564381922;27561.647793397453;9722.555564806078;0.0025509481055383;2.212498800090941;37284.203389598064;;
GLO;SSP1-PkBudg500-2030;450bbd9bdb604140df25303ceac60375;market for controller, for electric scooter;controller, for electric scooter;kilogram;12.382061495167584;0.304504808169958;0.5284357205121402;1.9557298267474144e-06;2.5324826832739105e-08;1.3442747717902466e-12;4.921804209133448e-08;7.016453804503017e-09;1.3678945753338496e-09;6.2364786128939515e-09;9.84509703298358e-09;2.604093163929088e-12;6.232822692654123e-09;8.860205107491095e-09;8.394178230390615e-13;1.876182322980681e-08;1.6309451281793587e-05;1.008002743930816e-05;3.0375771997751183e-05;3.0288564384666627e-08;3.0568024008760636e-09;2.4625523482286502e-05;5.149995156749687e-08;3.0852774650282865e-06;1.3666601915482546;0.1813570892964408;1.1410623344917932e-07;8.456077325417238e-05;1.548017299606519;;
GLO;SSP1-PkBudg500-2030;15414a588fab4d021e0c1f1d74ba5e36;market for packaging glass, white;packaging glass, white;kilogram;0.959080548312399;0.0059604784813676;0.0013194277624591;1.6811837051785328e-08;1.1252452611027124e-09;7.369874777404027e-14;2.6981561992008957e-09;2.249267149704724e-11;4.903009673146242e-12;1.0949810641293955e-10;4.4742622646762285e-11;5.1253647813331196e-14;6.956627086353705e-10;4.021091843262589e-10;2.6208278974284598e-15;5.85781101826937e-11;8.941264343121029e-07;1.372092697846273e-07;1.5736594682527846e-07;2.6645912350658176e-10;1.3987779929802458e-10;1.1911808078695616e-06;2.742672223499497e-09;9.632844371088869e-09;0.0970783635840983;0.0067553212641059;5.102931846539921e-09;2.3926625171725074e-06;0.1038336849067824;;
GLO;SSP1-PkBudg500-2030;efd4c0ffb98fbe1b6b8f48ae48197727;market for electron gun, for cathode ray tube display;electron gun, for cathode ray tube display;kilogram;24.36090012329034;0.028413239541907;0.0159964473978661;1.8994274485152298e-07;6.861036195263674e-09;3.923557018349919e-13;1.4365151781102292e-08;1.3144719637939747e-09;2.6372480993857555e-10;3.015427072817314e-09;1.874406035775113e-09;4.0160725015843444e-13;4.566867711676324e-09;1.931180925742426e-09;3.1315991341507474e-14;6.999435533645836e-10;4.760180277485104e-06;2.3250290933396328e-05;6.332742881124249e-06;2.936313567133171e-09;5.860828036585494e-10;1.1028752562669612e-05;1.2970777267324289e-08;1.1510182382257797e-07;0.3580172990413485;0.1445655779933926;3.4192964611817935e-08;4.550351961189349e-05;0.5025828777346848;;
GLO;SSP1-PkBudg500-2030;65a59a52f5396ad59802eeb669d42bf5;market for spinach;spinach;kilogram;0.8955281124054937;0.0003091902500461;0.0004226043585518;2.6721997609319522e-09;1.8022880665945628e-10;1.8528826155957253e-14;6.782655134348273e-10;7.527658233273834e-12;1.7607543849115908e-12;6.491884085274809e-11;1.7130063120024085e-11;8.224993542038027e-13;4.915982930051864e-10;7.511308151910522e-11;3.871886402140211e-15;8.65405120656664e-11;2.2489813493926866e-07;4.166473933519711e-08;5.1975072698209216e-08;4.0803478071003945e-11;8.69566930748939e-10;1.651914426429828e-07;5.09159815868316e-10;1.4231105816199425e-08;0.0131906209146846;0.0008632651161838;1.5173867724040199e-09;4.99379648891281e-07;0.0140538861174089;"[{'description': 'fraction, time to transfer the reefer between different modes of transport', 'id': '68f592ea-ec5e-40c3-8c86-c952c0763fc4', 'unit': 'dimensionless', 'comment': 'Estimated value.', 'amount': 0.2, 'uncertainty type': 0, 'loc': 0.2, 'name': 'fraction_time_reefer_transfer'}, {'description': 'losses', 'id': '67d91564-dd27-4166-9796-689b78ff86ff', 'unit': 'dimensionless', 'comment': 'Calculated value based on literature.\n\nFAO suggest, that 1/3 of food produced for human consumption is lost or waste globally, which amounts in 1.3 billion tons per year (FAO, 2011, Global food losses and food waste).\n\nThe food losses vary heavily depending on the type of food and geographic location. The food losses/waste occurs in five basic stages of the lifecycle of the product;\n\n1) Agricultural production\n2) Post-harvest handling and storage\n3) Processing\n4) Distribution\n5) Consumption\n\nThe losses during the forth stage - the distribution - are recorded in the market.\n\nLiterature suggest (FAO, 2011, Global food losses and food waste), that the losses of fruits and vegetable distribution are approximately 12%. This value is rather rough estimate and it is assumed, that in the future this value will be replaced by more precise, product specific data.', 'amount': 0.12, 'uncertainty type': 0, 'loc': 0.12, 'name': 'losses'}, {'description': 'speed, average, aircraft, freight', 'id': 'e831114b-6445-4cbd-a1d6-9e6c4366fb5c', 'unit': 'km/hour', 'comment': 'Expert judgement.\n\nAverage velocity including stops.', 'amount': 700.0, 'uncertainty type': 0, 'loc': 700.0, 'name': 'speed_aircraft'}, {'description': 'speed, average, barge, freight', 'id': '16a175c6-27fe-4453-aefb-4604ea30a75d', 'unit': 'km/hour', 'comment': 'Expert judgement. The barge is in general slower than transoceanic ship.\n\nAverage velocity including stops.\n\nCross reference;\n10 km/hour (Lopez-Ruiz, H.G., 2007, Sustainable freight transport: A transport time and logistical organization approach, University of Lyon)\n\n26 km/hour (Rodrigue, J-P., Notteboom, T., Slack, B., 2013, Transport Systems, Chapter 3, Maritime Transport, http://people.hofstra.edu/geotrans/eng/ch3en/conc3en/ch3c4en.html, accessed 20150206)', 'amount': 20.0, 'uncertainty type': 0, 'loc': 20.0, 'name': 'speed_barge'}, {'description': 'speed, average, lorry, freight', 'id': '3819b90e-0c78-4ad8-9cf9-58b415446628', 'unit': 'km/hour', 'comment': 'Expert judgement.\n\nAverage velocity including stops.\n\nReference;\n45 km/hour is the default speed of lorries and trucks used to calculate delivery distances  (www.searates.com, accessed 20141201).', 'amount': 45.0, 'uncertainty type': 0, 'loc': 45.0, 'name': 'speed_lorry'}, {'description': 'speed, average, train, freight', 'id': '00c99a4c-33c7-4d15-b668-edcf67a9485c', 'unit': 'km/hour', 'comment': 'Expert judgement.\n\nAverage velocity including stops.\n\nCross reference;\n40 km/hour (Lopez-Ruiz, H.G., 2007, Sustainable freight transport: A transport time and logistical organization approach, University of Lyon)\n\n33.2 km/hour was the average speed of freight train in China in 2007 (http://www.statista.com/statistics/278404/speed-of-freight-trains-in-china/, accessed 20150206)', 'amount': 40.0, 'uncertainty type': 0, 'loc': 40.0, 'name': 'speed_train'}, {'description': 'speed, average, transoceanic ship, freight', 'id': 'fb887cc6-8e4e-4243-96a4-f177655316ca', 'unit': 'km/hour', 'comment': 'Expert judgement.\n\nAverage velocity including stops.\n\nReference;\n26 km/hour (Rodrigue, J-P., Notteboom, T., Slack, B., 2013, Transport Systems, Chapter 3, Maritime Transport, http://people.hofstra.edu/geotrans/eng/ch3en/conc3en/ch3c4en.html, accessed 20150206)', 'amount': 26.0, 'uncertainty type': 0, 'loc': 26.0, 'name': 'speed_ship'}]";
GLO;SSP1-PkBudg500-2030;a1216e2aebabf2178d9e5b478c027d49;market for fodder beet, Swiss integrated production;fodder beet, Swiss integrated production;kilogram;0.0220619063279266;2.956867575548854e-05;7.764955915523042e-05;2.1550864085023675e-10;9.718534836374177e-11;2.77537813313476e-15;1.015704510177905e-10;7.644824112534855e-13;1.6302131485902482e-13;4.2621141229026495e-12;5.378603778512133e-12;2.931927272450116e-13;1.0844129491025052e-09;1.6530647712427538e-11;1.2316223327518971e-15;2.752798410845526e-11;3.369601101861024e-08;5.352015102736255e-09;-1.901179656159068e-08;3.3086179521095268e-12;3.6575358636087687e-10;5.1719916489845886e-08;1.1271328684315426e-10;4.526823858597262e-09;0.001698163092009;0.0001334326314725;1.310564681890047e-09;7.676469915488538e-08;0.0018315957510096;;
GLO;SSP1-PkBudg500-2030;e16c8d7f2c6b473ae8bebc5d652f307f;market for polydimethylsiloxane;polydimethylsiloxane;kilogram;5.243926106663874;0.0094850962925648;0.0142984698693605;3.65801219161022e-07;1.0182574035245765e-08;1.0141111791581958e-12;3.7126240253293346e-08;3.1349662744864514e-10;6.4248668534126e-11;8.254572299621754e-10;1.1358644760694695e-09;2.716852720196869e-13;4.2166191776522095e-09;4.660497289112599e-09;4.639971590645973e-14;1.0370797996622266e-09;1.2299917692800955e-05;2.0810880641920988e-06;1.963558101080436e-06;5.744500707270579e-09;8.961633621001671e-07;1.1251011749553e-05;3.1665427339413864e-08;1.705420041614403e-07;0.8744712091800502;0.0255276539139971;5.8525261558878754e-08;2.8699336995761477e-05;0.8999988641311272;;
RoW;SSP1-PkBudg500-2030;bc2c53ca3fe04d0ed1ff8a1a7706871a;market for calcium carbonate, precipitated;calcium carbonate, precipitated;kilogram;0.5080549688107658;0.0010314403950698;0.0007598044691873;1.4354626339961916e-08;2.9702010178985993e-10;2.954007557337634e-14;1.0815031466686387e-09;2.6500301980559894e-11;5.434428777187882e-12;7.971763580239197e-11;4.1502405075733456e-11;1.2198636603253458e-14;1.024015143018342e-10;1.4469708357402522e-10;2.699658751377821e-15;6.034005817362143e-11;3.583814608788884e-07;1.329599147427972e-07;1.451891553081729e-07;1.1796771607464026e-10;3.8725755637928096e-11;3.2114927224464693e-07;9.751801577565071e-10;9.922586917129112e-09;0.0386168838273655;0.0613040010608884;1.7788199772867603e-09;9.687339166313535e-07;0.099920884948594;;
GLO;SSP1-PkBudg500-2030;872ae9d2d262f9af18b2608d0e1f4687;market for yarn, cotton;yarn, cotton;kilogram;3.172250154207294;0.0098887174873194;0.0095754506025746;2.2534909331390642e-07;1.569435968429064e-08;4.502377947016109e-13;1.6479411560383816e-08;4.753241455178218e-10;6.579536320927092e-11;4.813709110012258e-10;3.331235927600995e-09;8.637385946254368e-11;6.118084908651259e-08;2.7875280756086643e-09;3.172641388058202e-12;7.091169053191163e-08;5.464663174002441e-06;9.529315456653022e-07;2.4823939025704524e-06;3.404407043338112e-09;3.127495782285601e-08;8.768651047430708e-06;1.9286418704775083e-08;1.1661033052352207e-05;0.2746110433948869;0.0165627126832681;1.0058582831822364e-07;2.9383624152286343e-05;0.2911738269898455;;
GLO;SSP1-PkBudg500-2040;04583a14a8acc2843e9b6e5a90bf3ba0;market for liquid packaging board container;liquid packaging board container;kilogram;0.7034847074352526;0.0139582477493491;0.0037027157305891;2.1161837088953953e-08;1.1362055693945671e-09;1.8714076769182422e-13;6.851399481696613e-09;9.583620024910387e-11;1.8686470959703e-11;1.6432024008625195e-10;2.731701208638113e-10;3.43465095420625e-13;1.0735907609665464e-08;5.984937504859027e-10;1.0625007540619895e-14;2.374794861643039e-10;2.2704433015520467e-06;5.985180095230847e-07;3.0997615203478324e-07;9.419806079846172e-10;4.3274840022827845e-09;1.40079090312244e-06;3.955091610485862e-09;3.905218048879187e-08;0.2107374015952634;0.022461339182633;1.9874360037721208e-08;4.627938679580834e-06;0.233198741015376;;
GLO;SSP1-PkBudg500-2040;342baff30ae57e0573e84257026d5e2e;market for polyvinylchloride, bulk polymerised;polyvinylchloride, bulk polymerised;kilogram;2.004024322233225;0.2058498836035206;0.0380989471172406;5.132011873253901e-08;9.926954194149684e-10;1.2387436369393038e-13;4.5364019804758624e-09;9.592130121683256e-11;2.005535785975501e-11;3.6604948751836644e-10;1.8658481762265876e-10;1.5402595037945124e-13;5.809038334466771e-10;4.4382306660755534e-10;1.5421040745073396e-14;3.4467559841799044e-10;1.5029926273982085e-06;4.719944837109598e-07;5.118799142296347e-07;7.86532768171004e-10;8.007356912666772e-10;1.0618568753518072e-06;2.9024369195695804e-09;5.6679984856413966e-08;0.3685456269925105;0.0243137918806897;7.222723927831144e-09;3.609892090290616e-06;0.3928594192178758;;
GLO;SSP1-PkBudg500-2040;ecddc793de057b056c38a2a378711ece;market for silicon carbide;silicon carbide;kilogram;2.750355603504624;0.0028637175011665;0.0052686894575249;2.168798671872021e-07;2.2288515349264117e-09;2.0675764506458858e-13;7.57004914771928e-09;8.023174924995246e-11;1.6240613738323826e-11;2.0460263943506635e-10;8.85716853926615e-11;1.3324310156934705e-13;1.1205662441769951e-09;5.976647582318931e-10;8.325261108673853e-15;1.8607786608273604e-10;2.5084098515093944e-06;4.197840403348719e-07;3.3758807499245225e-07;3.4661658924633322e-09;1.4045001551821524e-10;2.06173071933708e-06;3.819369228360132e-09;3.059946999466152e-08;0.3820664590828866;0.0075874540100261;1.1907118585614798e-08;5.365535535803195e-06;0.3896539132789907;;
RoW;SSP1-PkBudg500-2040;bc7f779d70f586e74ee4ab7ce9315c36;market for kerosene;kerosene;kilogram;0.1541418031011438;0.0005076008212811;0.0051588683553423;3.431793299987385e-09;6.11195407112224e-10;6.036554162930356e-14;2.212734534402176e-09;6.542301306075778e-12;1.666858742064173e-12;3.7305229849517847e-11;1.1178371629566984e-11;1.2539660396304557e-13;1.3069941254074714e-10;4.126863270891908e-10;8.044445461328392e-16;1.7980135706534988e-11;7.32667614097009e-07;1.2168463857029866e-07;5.531653565097621e-08;4.9925651181860465e-11;9.662441430508656e-11;6.107566798576423e-07;2.409282201894261e-09;2.9567333000660667e-09;0.5308399386278398;0.0039803433762603;3.424193588471749e-09;1.5259375747331451e-06;0.5348202820220803;;
GLO;SSP1-PkBudg500-2040;8eaf080469da4087aff8f05bf3dba09b;market for cleaning consumables, without water, in 13.6% solution state;cleaning consumables, without water, in 13.6% solution state;kilogram;2.0016119021212826;0.0113650352168825;0.0044960747395931;5.4271316329797345e-08;2.5856931229518253e-09;2.18054337478806e-13;7.983519304801603e-09;1.4534730527665754e-10;2.838192609829492e-11;4.1153681679784887e-10;4.378409683813353e-10;2.014935938632332e-12;5.886842038812845e-09;8.424479477481886e-10;6.776487715163752e-14;1.5146124032792123e-09;2.6456269783930978e-06;6.367720261656071e-07;8.276003468547938e-07;1.0497558296930003e-09;2.182516901159221e-09;2.662535266254973e-06;5.508952664390567e-09;2.490695844882348e-07;0.3055969985176052;0.0288701183039947;1.8312864850888843e-08;7.026684859730309e-06;0.3344671183362124;;
GLO;SSP1-PkBudg500-2040;65558068053a6b90002c0bd52fbb898c;market for cocoa bean;cocoa bean;kilogram;5.687594599303973;0.0031322771632636;0.003746024093559;2.374681583852204e-08;6.7660821131478445e-09;1.5867827104301013e-12;5.8077978402098834e-08;2.9951142173400833e-10;5.612502295721847e-11;5.959202800329518e-10;9.799999338936556e-10;4.493380412521078e-11;2.457662404785816e-07;1.663482536307684e-09;5.207602314110081e-13;1.1639509120110696e-08;1.925150656777097e-05;5.095250577637757e-07;1.798511440341782e-06;3.6196798016800766e-10;2.1778083012845097e-08;1.3695274476715936e-05;1.0629129252093721e-08;1.914052528499306e-06;0.0899659050593079;0.0141642987301578;3.121989419152355e-07;3.6521089866758097e-05;0.1041302154289749;"[{'description': 'fraction, time to transfer the reefer between different modes of transport', 'id': '68f592ea-ec5e-40c3-8c86-c952c0763fc4', 'unit': 'dimensionless', 'comment': 'Estimated value.\n\nThe time the reefer is in operation is calculated using different average speed of all the different modes of transport (train, lorry, ship, etc.). This parameter presents an additional time during which the reefer is in operation, but is not being transported; the time when the reefer is being transfered from one type of transport to another. ', 'amount': 0.2, 'uncertainty type': 0, 'loc': 0.2, 'name': 'fraction_time_reefer_transfer'}, {'description': 'losses', 'id': '67d91564-dd27-4166-9796-689b78ff86ff', 'unit': 'dimensionless', 'comment': 'Calculated value based on literature.\n\nFAO suggest, that 1/3 of food produced for human consumption is lost or waste globally, which amounts in 1.3 billion tons per year (FAO, 2011, Global food losses and food waste).\n\nThe food losses vary heavily depending on the type of food and geographic location. The food losses/waste occurs in five basic stages of the lifecycle of the product;\n\n1) Agricultural production\n2) Post-harvest handling and storage\n3) Processing\n4) Distribution\n5) Consumption\n\nThe losses during the forth stage - the distribution - are recorded in the market.\n\nLiterature suggest (FAO, 2011, Global food losses and food waste), that the losses of fruits and vegetable distribution are approximately 12%. This value is rather rough estimate and it is assumed, that in the future this value will be replaced by more precise, product specific data.', 'amount': 0.12, 'uncertainty type': 0, 'loc': 0.12, 'name': 'losses'}, {'description': 'speed, average, aircraft, freight', 'id': 'e831114b-6445-4cbd-a1d6-9e6c4366fb5c', 'unit': 'km/hour', 'comment': 'Expert judgement.\n\nAverage velocity including stops.', 'amount': 700.0, 'uncertainty type': 0, 'loc': 700.0, 'name': 'speed_aircraft'}, {'description': 'speed, average, barge, freight', 'id': '16a175c6-27fe-4453-aefb-4604ea30a75d', 'unit': 'km/hour', 'comment': 'Expert judgement. The barge is in general slower than transoceanic ship.\n\nAverage velocity including stops.\n\nCross reference;\n10 km/hour (Lopez-Ruiz, H.G., 2007, Sustainable freight transport: A transport time and logistical organization approach, University of Lyon)\n\n26 km/hour (Rodrigue, J-P., Notteboom, T., Slack, B., 2013, Transport Systems, Chapter 3, Maritime Transport, http://people.hofstra.edu/geotrans/eng/ch3en/conc3en/ch3c4en.html, accessed 20150206)', 'amount': 20.0, 'uncertainty type': 0, 'loc': 20.0, 'name': 'speed_barge'}, {'description': 'speed, average, lorry, freight', 'id': '3819b90e-0c78-4ad8-9cf9-58b415446628', 'unit': 'km/hour', 'comment': 'Expert judgement.\n\nAverage velocity including stops.\n\nReference;\n45 km/hour is the default speed of lorries and trucks used to calculate delivery distances  (www.searates.com, accessed 20141201).', 'amount': 45.0, 'uncertainty type': 0, 'loc': 45.0, 'name': 'speed_lorry'}, {'description': 'speed, average, train, freight', 'id': '00c99a4c-33c7-4d15-b668-edcf67a9485c', 'unit': 'km/hour', 'comment': 'Expert judgement.\n\nAverage velocity including stops.\n\nCross reference;\n40 km/hour (Lopez-Ruiz, H.G., 2007, Sustainable freight transport: A transport time and logistical organization approach, University of Lyon)\n\n33.2 km/hour was the average speed of freight train in China in 2007 (http://www.statista.com/statistics/278404/speed-of-freight-trains-in-china/, accessed 20150206)', 'amount': 40.0, 'uncertainty type': 0, 'loc': 40.0, 'name': 'speed_train'}, {'description': 'speed, average, transoceanic ship, freight', 'id': 'fb887cc6-8e4e-4243-96a4-f177655316ca', 'unit': 'km/hour', 'comment': 'Expert judgement.\n\nAverage velocity including stops.\n\nReference;\n26 km/hour (Rodrigue, J-P., Notteboom, T., Slack, B., 2013, Transport Systems, Chapter 3, Maritime Transport, http://people.hofstra.edu/geotrans/eng/ch3en/conc3en/ch3c4en.html, accessed 20150206)', 'amount': 26.0, 'uncertainty type': 0, 'loc': 26.0, 'name': 'speed_ship'}]";
GLO;SSP1-PkBudg500-2040;9cb256132e862034f990b023d05cbed5;market for auxiliary heating unit, electric, 5kW;auxiliary heating unit, electric, 5kW;unit;7.951927873519864;0.0209755435533072;0.0086540486656449;1.9374664761548586e-07;4.807227708982432e-09;3.94204204730751e-13;1.4431990271858545e-08;1.185005402207704e-09;2.4335432550517567e-10;3.0527336371870476e-09;1.2062810029064947e-09;3.075138130433572e-13;2.95066617655824e-09;1.534060722163166e-09;2.9416709975303184e-14;6.574927258048584e-10;4.782471825963305e-06;3.663724158717296e-05;4.691322642178669e-06;3.0158640841362364e-09;7.006885569253137e-10;1.1475337663352207e-05;1.0233630066392969e-08;1.0812102136870205e-07;0.2173820687064451;0.2811060625875344;2.94118808726888e-08;5.7708388824751344e-05;0.4984881319514724;;
GLO;SSP1-PkBudg500-2040;7752e33a0bd5a6347d125c67da9dcd85;market for sawnwood, hardwood, raw;sawnwood, hardwood, raw;cubic meter;235.13763349176324;0.3243296173601318;0.4084818201935285;2.387608071075772e-06;4.4283164842276427e-08;3.600279250648575e-12;1.3181985546882694e-07;4.024636298331282e-09;1.0568821232247383e-09;5.7515433670824794e-08;1.3648943907401732e-08;6.139012863747273e-12;6.705275486536104e-06;4.151880512997293e-08;2.945996925126845e-13;6.584596136483539e-09;4.368111222498564e-05;3.272668226670773e-05;2.5842995987124027e-05;3.6232065385534524e-08;1.3452179680244668e-08;6.87807522074096e-05;2.6629924566668805e-07;1.0828002069612383e-06;4.784075570003109;0.9310420659511768;6.9991423956779535e-06;0.0001724267322279;5.715117642538884;;
GLO;SSP1-PkBudg500-2040;a7349cf63913eb32029552c1c9a9a20e;market for prochloraz;prochloraz;kilogram;5.2692794630041;0.0232420163339243;0.0145503021376879;2.5151858724970386e-07;5.039384876408781e-09;5.722262834347637e-13;2.0951931912576773e-08;5.049610418504741e-10;1.0111261340780488e-10;1.094156141748711e-09;1.260268913552186e-09;2.5829049954887786e-12;2.1101959592873382e-09;2.2270265257034903e-09;2.1059166201112905e-13;4.706933100394945e-09;6.942485675937661e-06;2.317779468076331e-06;2.66808276114756e-06;3.8714890580799845e-09;1.3830562806980056e-09;5.116426239473475e-06;1.3705014559676436e-08;7.740289654244753e-07;0.9153969596828372;0.0972093954498419;3.3292347670978664e-08;1.7837744319198553e-05;1.0126063598396124;;
RoW;SSP1-PkBudg500-2040;e8886746f01b33c0f9ef9863ee143db6;market for sawnwood, beam, softwood, dried (u=20%), planed;sawnwood, beam, softwood, dried (u=20%), planed;cubic meter;200.2284905328136;0.2387178180216748;0.4026803269663926;2.3616535189159157e-06;4.824135738539719e-08;7.925821273333218e-12;2.901270304671299e-07;2.874896789544185e-09;7.188958369241144e-10;3.288803221622797e-08;7.090823839846767e-09;4.135815314928209e-12;9.029111249010566e-06;5.088649948937296e-08;3.667116615659803e-13;8.19637036738199e-09;9.615158507208046e-05;3.680265513745112e-05;1.991852791063382e-05;3.677802539128617e-08;1.8097506687565577e-08;0.0001010246852403;3.46047543858018e-07;1.347847513525991e-06;3.855948320730104;0.736168458796718;9.461947133839885e-06;0.0002556448743633;4.592116787723192;;
GLO;SSP1-PkBudg500-2050;62126c280b17c6d6a69b136eac3ce9c4;market for p-chlorophenol;p-chlorophenol;kilogram;2.098773500442146;0.0090504572622544;0.0094959703604882;6.085679174522641e-08;1.6101134537835682e-09;2.0547116812794665e-13;7.525202620362458e-09;1.2630939234178608e-10;2.5280668552272703e-11;3.8280668210631766e-10;3.078801558119256e-10;1.0093461277250221e-13;8.276812031192718e-10;7.648556616200183e-10;3.9472181240146545e-14;8.822425097448335e-10;2.4930776734929763e-06;6.003597619352386e-07;6.520551150822257e-07;9.337656038459686e-10;4.5942534259767025e-10;1.88910840089022e-06;4.828492121994861e-09;1.4507987313734868e-07;0.5598337378478673;0.0352239753329282;1.1570469709963828e-08;5.785900589357448e-06;0.595057714063038;;
GLO;SSP1-PkBudg500-2050;618b557dec53b00ba78e0c2cc9e11c2b;market for chlormequat chloride;chlormequat chloride;kilogram;1.5493812813206538;0.0055820825943391;0.0045605038894468;4.3181109165663564e-08;1.0086076067137721e-09;1.3749341991306906e-13;5.0349295448526105e-09;1.3129061364543588e-10;2.643672989821493e-11;3.2124968656032143e-10;2.1368463272177104e-10;1.2648865035523979e-12;6.141497316410986e-10;4.2424796374779625e-10;1.8893952423656112e-14;4.2229862859192614e-10;1.6682011057281536e-06;5.760642337228502e-07;6.50130764820329e-07;6.644501727616705e-10;2.85478738455055e-10;1.015365002761767e-06;2.716689745719127e-09;6.944466038018611e-08;0.3223453504270512;0.022048795772686;7.776009467858586e-09;3.982869682576741e-06;0.3443941466220359;;
GLO;SSP1-PkBudg500-2050;b174d4a88624f143a5f6eefff6697b66;market for fibre, flax;fibre, flax;kilogram;5.288755773429925;0.0014954716528221;0.0020077162195198;3.025031757323408e-08;4.200485764886303e-09;1.0318559660771944e-13;3.776558157518417e-09;6.761906044785539e-11;1.293178911464848e-11;2.7637474427658386e-10;1.2460813864073394e-10;8.336435144328954e-12;3.865587378772504e-09;7.105413460019819e-10;3.010295625497316e-13;6.7283101269596446e-09;1.2525200905950933e-06;2.24223721385932e-07;-4.7475528458312563e-07;4.485767135756143e-10;7.334682824256153e-09;2.2785920756620374e-06;4.9116887209686915e-09;1.106433173267029e-06;0.0326735945854345;0.0065748823819904;1.3043428311126212e-08;4.399702504375545e-06;0.0392484836957351;;
GLO;SSP1-PkBudg500-2050;02b09b70496df18e9d6274438fc679f7;market for rye grain;rye grain;kilogram;0.9809443647398448;0.0014531897435737;0.0018114728219909;1.1556928096967213e-08;9.35970197592294e-10;4.6790867201297774e-14;1.712473973110791e-09;3.8439175721963394e-11;8.190052785912908e-12;2.2216622955774003e-10;1.26845710967001e-10;7.384399291399215e-12;2.3372159654290243e-08;2.5486635320561557e-10;6.780421693472581e-14;1.5154916865585802e-09;5.679751641968083e-07;1.5914886543566095e-07;5.40031861284875e-07;1.7716525640257908e-10;4.660178475404349e-09;7.095894453736183e-07;1.741995643323932e-09;2.492141777323977e-07;0.0330489584997485;0.0052980270060533;2.6678597552601182e-08;2.2325346035656893e-06;0.0383469870212935;;
GLO;SSP1-PkBudg500-2050;a438b7a80cfc78b901e6ce77fb199432;market for geothermal power plant, 5.5MWel;geothermal power plant, 5.5MWel;unit;102992124.60611196;372771.1792999777;77244.67517248452;3.1211633273238104;0.0161360614515033;1.6262335350056971e-06;0.0595427946448915;0.0027844544987041;0.0005708360505344;0.005296949392103;0.0067855381810563;2.675675260548864e-06;0.0231854268895338;0.0089220189074638;3.93638389407811e-07;0.0087982095159677;19.729999092334648;79.6397003673058;15.067501277636934;0.049450916188129;0.0019911584455775;24.88036800727153;0.0586615549274012;1.4468166137013676;1272633.5012708483;1646353.9080341784;0.1232286330952903;140.87444229383738;2918987.418103236;;
GLO;SSP1-PkBudg500-2050;8eaf080469da4087aff8f05bf3dba09b;market for cleaning consumables, without water, in 13.6% solution state;cleaning consumables, without water, in 13.6% solution state;kilogram;2.1123999285210826;0.0115583836464735;0.0046700428146305;4.47574289539799e-08;2.600245877615017e-09;2.1556721083074737e-13;7.892415212018258e-09;1.5258131188032086e-10;2.991947704913529e-11;4.5099252370295385e-10;4.426552977872758e-10;2.0150920578936743e-12;6.052189876822157e-09;8.395106048708444e-10;6.773410348483326e-14;1.513924581218651e-09;2.615447266268726e-06;6.32313564169394e-07;8.590503241892444e-07;9.06833624044736e-10;2.177174312931278e-09;2.6885529833992238e-06;5.495908828950126e-09;2.489564759764761e-07;0.2949298832467231;0.0297292387208575;1.8451763049398325e-08;7.049239898773211e-06;0.3246591234815053;;
GLO;SSP1-PkBudg500-2050;1f4debd8c2b5365631a4f1b5ef851db1;market for copper oxide;copper oxide;kilogram;8.692209970580578;0.0369385893310571;0.0105918411201999;1.9720577933296642e-07;6.827272406660307e-08;1.9009407811741162e-13;6.958991255760493e-09;2.0568356351356136e-08;4.004832650788596e-09;3.192090039717628e-08;2.2810048412355235e-08;8.943058903094256e-13;9.774886591418044e-09;5.8892862194460485e-09;6.70845854508682e-14;1.4994072071489602e-09;2.306391381686026e-06;1.0634718409046482e-05;0.000100170948499;2.9801688711030013e-09;2.921189314405228e-09;6.062361885502503e-05;4.0655076206509386e-08;2.465691745655213e-07;0.1331720396121392;0.3394105590218372;1.7020109583229386e-07;0.0001740287760855;0.4725826001333837;;
GLO;SSP1-PkBudg500-2050;4536b44367ab0eea6c7ff445cd2bb1db;market for wheat seed, organic, for sowing;wheat seed, organic, for sowing;kilogram;0.3363554682828537;0.0007030483960411;0.0011208080439273;8.239891153617483e-09;3.236227734885826e-09;3.266720858161471e-14;1.1953330618740764e-09;2.2392938482425055e-11;4.4959463765456055e-12;5.6354940765822784e-11;1.121792174045491e-10;1.0176189881737222e-11;1.7578549396848554e-08;2.387310499642979e-10;2.7494264378703523e-14;6.145241546566557e-10;3.966376628206831e-07;8.638840033451299e-08;1.6039715133681556e-06;1.293392846767919e-10;4.861481916389729e-09;1.4179888360739214e-06;1.6522486852787787e-09;1.0105507886171792e-07;0.0094136857799464;0.0023173929024162;2.2454498598762995e-08;3.612683866941239e-06;0.0117310792968868;;
GLO;SSP1-PkBudg500-2050;9864ce2172e511f3ed194ce8a75b9022;market for dioctyl adipate;dioctyl adipate;kilogram;1.4562770143341248;0.0026685223949448;0.0101948019166149;3.909101937225571e-08;2.386811269330138e-09;4.293175669876895e-13;1.5715611272084772e-08;1.6247908023104168e-10;3.257836450478555e-11;3.4938385777349445e-10;3.94941772949651e-10;8.187505099277311e-14;8.351548042638988e-10;1.128822075934935e-09;1.8426202782237332e-14;4.118439588824694e-10;5.211258797310014e-06;7.04919019388463e-07;8.621248416589467e-07;6.135926874080631e-10;3.7589754404169985e-08;2.466984108075472e-06;6.862414271504133e-09;6.77254481019435e-08;0.6792232086714574;0.0111615538986315;2.1006250168961576e-08;9.358057401021088e-06;0.6903847629819327;;
GLO;SSP1-PkBudg500-2050;4856268a9526e6e3922ae86844815bf7;market for skidder;skidder;unit;50288.34620945003;950.2427731846212;91.77507551600354;0.0014812644813894;2.554232435442862e-05;2.145202444341009e-09;7.854460540597215e-05;1.0787474945853962e-05;2.1034804835905394e-06;1.1409401316195386e-05;1.0561458523320882e-05;5.3450626403615585e-09;2.1647885996389588e-05;1.0256444527914453e-05;2.5718731461540475e-10;5.748392280131981e-06;0.0260264290964419;0.1801292363186503;0.0312407424200379;2.2896510148852604e-05;2.722646943203991e-06;0.0438975112301396;6.713240814720594e-05;0.0009452911342783;1786.9403312854938;1774.8907458532713;0.0001708603761436;0.2823318143022994;3561.831082887157;;
GLO;SSP5-Base-2020;11192763bb46848d8960aa1fba914d6b;market for polyaluminium chloride;polyaluminium chloride;kilogram;0.9571901602523538;0.0036443311618424;0.0014390338174718;4.6204594550194286e-08;1.7549552607843706e-09;1.3496308362412748e-13;4.941542708780994e-09;1.0668052372016804e-10;2.2295508113853865e-11;1.6769904959544784e-10;5.289888292033153e-10;1.0194630184639657e-13;2.6383803318084943e-10;5.497488466171488e-10;9.796328454026641e-15;2.1895768437480703e-10;1.637430379406464e-06;3.21294400493788e-06;8.554070912123701e-07;6.969771211966792e-10;4.121111769086726e-10;1.8287262603858624e-06;3.777525462575749e-09;3.6006373214471675e-08;0.0975130569147177;0.0287915317474615;8.335990559895493e-09;7.575399149774108e-06;0.1263045888811369;;
GLO;SSP5-Base-2020;6ca84afd2a960b89a878add572e23ed8;market for gadolinium oxide;gadolinium oxide;kilogram;55.933139367867966;5.851085052169911;6.3124429831675055;0.0005432271179227;1.0627428690008547e-07;7.871069710278766e-12;2.881997049993589e-07;1.1376673831261068e-08;2.298739797556318e-09;2.1729202978350173e-08;3.1813959192431936e-08;2.6633060423625773e-09;3.076318098116688e-07;2.8235887480347513e-08;1.0764762016415546e-12;2.4060313769812453e-08;9.549789490314816e-05;2.9798929584848863e-05;9.962755065477044e-05;1.3372872696182873e-07;4.049040906118173e-08;0.0001052191763269;1.929788579011254e-07;3.9565847607805495e-06;5.671532142983425;60.80765741710529;8.002281732989038e-07;0.0003344658971561;66.47918958414904;;
RoW;SSP5-Base-2020;5bfcf5c41aafd5a0d8c2df1b65755d9c;market for lightweight concrete block, expanded vermiculite;lightweight concrete block, expanded vermiculite;kilogram;0.2179389488781375;0.0006322053367953;0.0007823061464212;3.201373234493398e-09;7.286094780444694e-10;4.3936182201391373e-14;1.608556994623743e-09;7.223433524750593e-12;1.6309893556748008e-12;3.7648977019533817e-11;6.626437501386953e-11;1.89447373257314e-14;1.256261818718912e-10;3.526089703150764e-10;6.490935604523797e-16;1.4507886664501728e-11;5.330354640528102e-07;9.46435875749729e-08;6.720101125769022e-08;4.999136063962142e-11;6.772687066467038e-11;7.634937827016489e-07;2.4420581382970644e-09;2.385741259946434e-09;0.0284835458444334;0.0134751663436604;2.9282073671587283e-09;1.463310903048077e-06;0.0419587122026017;;
RoW;SSP5-Base-2020;043b307c3e9f84641c9228b9770c5469;market for SOx retained, in hard coal flue gas desulfurisation;SOx retained, in hard coal flue gas desulfurisation;kilogram;11.644658713411456;0.0159204155408843;0.0004504891203456;3.534769366626854e-09;2.841379976360813e-09;7.642241552610925e-14;2.7974627688720364e-09;4.201419094340508e-11;8.640523456950502e-12;6.095559523057095e-11;5.7035716629693593e-11;7.215847435234653e-13;6.441628441766479e-11;8.894023211450649e-11;6.678691286380863e-15;1.4927539287630532e-10;9.271901992257972e-07;6.573170481552407e-08;4.5995799478326293e-07;5.3422871557134846e-11;4.54269193195516e-11;2.52576005710518e-06;6.000626338961507e-10;2.4547507994469644e-08;0.0211569307360697;0.0017153102122471;5.9616480432583525e-09;4.003885772520388e-06;0.0228722410975922;;
GLO;SSP5-Base-2020;875d6b7361b90d6f1bdaf781c51d3ac6;market for chromium steel pipe;chromium steel pipe;kilogram;4.132045036848989;0.0168256945897252;0.0983100353590184;1.510279436763611e-07;4.1884712462804365e-09;4.3602271274866794e-13;1.596391148868436e-08;3.1467741163236327e-10;7.021983507893949e-11;1.95292858797653e-09;1.3440068468577144e-09;3.505330674132585e-13;1.0630596070551096e-09;1.425189481903932e-09;2.915044065444387e-14;6.515413416522126e-10;5.289898918526316e-06;2.9285270464098564e-05;1.6372992672158977e-06;2.321642727704796e-09;5.332641573560053e-10;1.0290288738889324e-05;9.595248600395472e-09;1.0714234935015785e-07;0.2586366117535486;0.1287128517305948;2.632291624145979e-08;4.6622229364135976e-05;0.3873494641356848;;
GLO;SSP5-Base-2020;5e6eb11a36779ca8260536862517b2ce;market for ferronickel;ferronickel;kilogram;5.00358324106798;0.0111735482107494;0.0069436731518132;1.837409148681796e-07;7.780538051277274e-09;7.358496706419359e-13;2.6940815869758332e-08;5.479394789400436e-10;1.1835050344050423e-10;3.1558781857493555e-09;1.8252637448475835e-09;4.775297597888916e-13;1.907214768735378e-09;2.463101461266788e-09;3.0764937600646456e-14;6.876269541783435e-10;8.927391221677959e-06;1.9114185675328067e-06;3.405780591686523e-06;2.7960439468249167e-09;8.94948087522627e-10;1.157310008074358e-05;1.6905287785283508e-08;1.1307642759910643e-07;0.4826166639811756;0.3282392167108901;4.4739913602354336e-08;2.595122009010791e-05;0.8108558813796927;;
GLO;SSP5-Base-2020;ba33d7ba71218e2d5a1a27a1b57e1dd9;market for copper sulfate;copper sulfate;kilogram;4.746809969554136;0.0184952417528127;0.0061628812029405;1.623178606499522e-07;3.8897738083834475e-08;2.961526002927419e-13;1.0842736138410392e-08;1.1135978884385491e-08;2.16560822572145e-09;1.6863057217608053e-08;1.2793081224608068e-08;5.989155503564395e-13;4.196177824710224e-09;3.6659736417404252e-09;5.11699463391327e-14;1.1436991943031844e-09;3.593083729361718e-06;5.865103790007176e-06;5.344517813638615e-05;2.442401097678435e-09;1.8136400041982563e-09;3.4735514961493375e-05;2.525819678819596e-08;1.8807497052571681e-07;0.229800840165884;0.1807184374375814;1.005612537799703e-07;9.78564556190226e-05;0.4105192787471646;;
RoW;SSP5-Base-2020;f598011ad327f7382fcad4b120caeb36;market for anode, graphite, for Li-ion battery;anode, graphite, for Li-ion battery;kilogram;1.3946504937487667;0.0051270401426178;0.0054579572524195;2.5116662300344004e-07;1.6855280242622735e-08;3.6236126513703044e-13;1.3268408033647581e-08;1.0883707853194044e-10;2.252360940641909e-11;2.0283123341926543e-10;1.4607347189005675e-09;3.570527314895361e-13;5.765491265563315e-10;2.310469667099629e-09;1.6011000471980815e-14;3.5786178508825726e-10;4.396396461190254e-06;7.686277967571069e-07;9.022450098508e-07;3.839140830026024e-09;4.73285391210146e-10;1.6494973397522347e-05;1.551904993101772e-08;5.8848379904438816e-08;0.6307038140622195;0.0121970039662567;3.4806361481796225e-08;2.2640920097419374e-05;0.6429008183863382;;
GLO;SSP5-Base-2020;0acfe7ce21776fc47624167459b5a5bd;market for wind turbine, 4.5MW, onshore;wind turbine, 4.5MW, onshore;unit;53175719.50149654;15883.437210226994;12921.586066881386;0.0742598269108581;0.0061048306460674;3.288098873501764e-07;0.0120390608040916;0.0047186810566566;0.0008758761509708;0.0021529972432168;0.0021020748233619;4.514018271260475e-07;0.0015624434901196;0.0015738556940823;2.3392872589825052e-08;0.0005228539689313;3.989256682990101;7.08326978997901;6.469850840345639;0.0011389156484488;0.0006747169687249;6.791429570252615;0.0105195732996294;0.085980426746677;253366.74442916384;158443.15375285543;0.0311306066873453;24.43211507406367;411809.8987048733;;
RoW;SSP5-Base-2020;d7c279bf726f3a5b8df611c3193c5761;market for supplementary cementitious materials;supplementary cementitious materials;kilogram;0.0426631607534415;0.0001047972369118;6.25134110352424e-05;3.113982398415545e-10;2.0648465589844785e-11;1.4584081647130577e-15;5.339611123384643e-11;8.657387220454293e-13;1.98306111620388e-13;6.017411348473444e-12;3.771985110597785e-12;9.311189910558044e-16;8.279891371703439e-12;8.889749678336286e-12;5.554598855227357e-17;1.2415080901780357e-12;1.7693826885296675e-08;8.940023597602874e-09;5.935376402364381e-09;4.773488168185563e-12;2.9870427082054056e-12;2.418814467051915e-08;6.0248857954362e-11;2.0415909937746715e-10;0.0015595551833471;0.001428225964046;1.0207002675065651e-10;5.7029514806519645e-08;0.0029877811486346;;
GLO;SSP5-Base-2030;be33116d9801dd9e6a161a7f97be15c4;market for clover seed, Swiss integrated production, at farm;clover seed, Swiss integrated production, at farm;kilogram;1.802067665268916;0.0014955794880745;0.0035939510487504;1.8774484870908512e-08;1.516139402874681e-09;1.2849079922030982e-13;4.70412592476208e-09;6.761078246458739e-11;1.4530390132278262e-11;2.9742618279523656e-10;5.493475432692385e-10;2.2996742234880605e-11;1.1498672952272449e-07;1.049023280484993e-09;7.949842867059294e-15;1.7768689499170463e-10;1.5591281945214735e-06;3.905427935113089e-07;1.8452783344850802e-07;2.8747412979799126e-10;3.644392579036019e-09;1.747084447655518e-06;7.124598315372354e-09;2.921962147462355e-08;0.1533337608484929;0.0109767339735661;1.2320802561201848e-07;3.921545916275422e-06;0.1643104949997459;;
GLO;SSP5-Base-2030;30e6f0cb8e8bb4a3f4af5b5ad885f89a;market for ethylamine;ethylamine;kilogram;1.1790835138747726;0.0452587973512973;0.0073015059052729;2.43742251979906e-08;2.247483357398524e-09;3.039721264807779e-13;1.1130462412118156e-08;8.443749775294302e-11;1.7343137585857428e-11;1.912825056706397e-10;8.568075466287301e-10;3.872062751084517e-12;3.1829061679872357e-10;1.01103515366917e-09;2.9466795896740426e-14;6.586121959644335e-10;3.6879762826821095e-06;5.394427561673702e-07;6.029268635767444e-07;3.771214488121674e-10;2.793911287010607e-10;2.0836156793354357e-06;6.354981539723994e-09;1.0830511200924393e-07;0.5797317746959378;0.0123867121947082;1.5861324016359323e-08;7.029270447931247e-06;0.5921184875492582;;
GLO;SSP5-Base-2030;2f890c11604dc1b16ea8cd5e455bf8c8;market for battery, NaCl;battery, NaCl;kilogram;16.38577935730863;0.2019693847618212;0.120710879135048;4.151636980948645e-07;6.542454480172656e-08;5.66205162831169e-13;2.0730135262973532e-08;3.153669525154066e-09;6.34271064709067e-10;8.572343561781673e-09;5.175193135669392e-09;1.5182774094782985e-12;2.0859077148800623e-09;2.9912406516721124e-09;2.2410545034406714e-13;5.008979710448652e-09;6.869419011072152e-06;9.189201190976347e-06;1.630127995780429e-05;5.9196324896529745e-09;1.8487539125790262e-09;5.8127202347917096e-05;2.0264057790657578e-08;8.236988502737466e-07;0.5308437862284296;0.3655670011240052;1.0876954004012829e-07;9.133880939872166e-05;0.8964107923614146;;
GLO;SSP5-Base-2030;d995bf500d86df1922024dbd69dcfaed;market for lentil seed, for sowing;lentil seed, for sowing;kilogram;0.3972019881574488;0.0004094119583341;0.0013403918528083;4.141331986490785e-09;3.204168107733517e-10;6.332432955002772e-14;2.317995470641453e-09;2.8118590524608652e-11;5.48620255504732e-12;6.374770289913212e-11;2.893261490669252e-10;2.5481846013701953e-14;5.245247753148716e-08;1.218842654265297e-10;9.878476516052985e-16;2.2079377526555023e-11;7.682161828401249e-07;1.2287257903156902e-07;-1.6707228747878276e-07;6.402274314087443e-11;2.2551094253570715e-10;3.233401581665259e-07;8.166265847556886e-10;3.6308308147956926e-09;0.0201555702103403;0.0039050605504015;5.559953651899569e-08;1.0520916629907406e-06;0.0240606307828212;;
GLO;SSP5-Base-2030;d7a8acdc5c412df402e285a5c1291080;market for dimethyl hexynediol;dimethyl hexynediol;kilogram;0.9043414243378052;0.0010379920600103;0.0043736584282741;6.314498327871008e-08;1.305434159301296e-09;2.051570174771129e-13;7.512558204950142e-09;7.402841968804836e-11;1.494237551899294e-11;1.3524843305013089e-10;6.06065448466867e-10;1.0350601920321864e-13;2.5997684644230693e-10;7.22775081198224e-10;2.6826526529209148e-14;5.995995495884574e-10;2.4891376140782225e-06;4.550163397107678e-07;5.146456382989036e-07;9.854549782954566e-10;2.2703677127714715e-10;1.4364219330494851e-06;4.358356962569068e-09;9.860081057833458e-08;0.3243369834065979;0.006191137022731;1.063136149092207e-08;4.99939228138889e-06;0.3305281210289285;;
GLO;SSP5-Base-2030;473f34ef4701ff772d1433665472a930;market for lentil;lentil;kilogram;0.3137591304108871;0.0003326465751298;0.0012880269122092;2.144374152731072e-09;2.5255395845352286e-10;5.890357344798112e-14;2.1561366872850976e-09;2.1095303901976942e-11;4.138790418131458e-12;5.3734504135474265e-11;2.6448689433163926e-10;1.3770701015427738e-14;5.243476908680745e-08;1.0886566254502106e-10;6.266876774246612e-16;1.4007092893943171e-11;7.145817172523024e-07;1.0904263659386729e-07;-2.027256063096936e-07;3.327241559947534e-11;1.942801277866876e-10;2.5847235465910146e-07;7.283617953788933e-10;2.303388510109405e-09;0.016589646409126;0.0033363362469454;5.529584855215648e-08;8.826285624713637e-07;0.0199259826700785;;
GLO;SSP5-Base-2030;1b8cbe73a21ba46c2e03297a996d2e7a;market for butane;butane;kilogram;0.5049627754089563;0.0006572845437605;0.0033000431406396;9.93544727662858e-09;5.29494118290933e-10;7.718787469434598e-14;2.8283339556680086e-09;3.0271469210071316e-11;6.253862699653221e-12;7.518134903877809e-11;1.3424744102691022e-10;2.507734061929509e-14;1.1369192591109495e-10;3.523520393545523e-10;1.7369809550065309e-15;3.882325194548205e-11;9.36722213231948e-07;2.57813623991377e-07;1.824938466112679e-07;1.537098962778129e-10;1.0580146606785012e-10;5.813120994872972e-07;2.1083607265125942e-09;6.384267822980909e-09;0.4388009017386459;0.0056745104785341;4.06991238175373e-09;1.967088051648574e-06;0.4444754122560034;;
GLO;SSP5-Base-2030;acf95acf991d2932c76e32509a2bf9b2;market for isobutane;isobutane;kilogram;0.505527069816035;0.0006525686458211;0.0032944687545015;9.939905256015544e-09;5.272696372426465e-10;7.68225672823192e-14;2.814962298095394e-09;3.0301676979659176e-11;6.259814207866109e-12;7.522575025731777e-11;1.3410336811592066e-10;2.5044234676101343e-14;1.1369399708416948e-10;3.5039705220510525e-10;1.498471012369142e-15;3.3492317505571044e-11;9.322906480128284e-07;2.581372198175152e-07;1.8252808831537065e-07;1.5377808597203696e-10;1.0576101623507771e-10;5.790841464978272e-07;2.098012542908393e-09;5.507625308362677e-09;0.439069363799682;0.0056876497196703;4.052299290336586e-09;1.959899445138256e-06;0.4447570135528447;;
GLO;SSP5-Base-2030;f7fbbbd4027750c8b3d88c1bf551daef;market for barley seed, organic, for sowing;barley seed, organic, for sowing;kilogram;0.2381969531961472;0.000250763172106;0.0007714257665725;2.155144499421452e-09;2.536968904929866e-09;3.1633365358554264e-14;1.1576905225405055e-09;1.2465630296858548e-11;2.544452257038361e-12;3.129246092536427e-11;1.1467225524509886e-10;8.66775970374493e-12;1.7046516917765097e-08;2.2186714486654424e-10;5.018449465431174e-16;1.1216733690172879e-11;3.840390539417477e-07;6.615556960473495e-08;1.1502337521620906e-06;3.352393906775296e-11;3.878964336454652e-09;1.139582292808456e-06;1.5258314487811681e-09;1.8445294607900598e-09;0.0212145642795595;0.0017794856188949;2.1132716987082338e-08;2.747293107944793e-06;0.0229940499096712;;
GLO;SSP5-Base-2030;9f0febd30a8ce7499d22ef194010ce5a;market for ventilation duct, connection piece, steel, 100x50 mm;ventilation duct, connection piece, steel, 100x50 mm;unit;1.016550322759274;0.0038203236297883;0.0050626463025981;2.1756038031624897e-08;4.263669838983593e-09;7.250956364482348e-14;2.65483986756122e-09;1.5280345118676276e-10;3.183618777942255e-11;1.7070400969282438e-10;3.205682895732913e-10;5.763476894369678e-14;2.3126370881960416e-10;3.0688587844634477e-10;6.497778148169847e-15;1.452318043010997e-10;8.797087751367062e-07;1.5831647135595713e-06;1.4599499052602922e-06;3.3053860985714507e-10;9.650953423840755e-11;2.1512693829591464e-06;2.0348581523907343e-09;2.3882562346271243e-08;0.0558088076402133;0.0454529612674369;8.132701396465598e-09;6.100435128179734e-06;0.1012617690528821;;
GLO;SSP5-Base-2040;3140e472a4887af4e75655b2a212fa5b;market for polybutadiene;polybutadiene;kilogram;0.4654600049477229;0.0001786705062018;0.0315287827637031;5.159741259252324e-10;3.493871053653065e-09;3.207157284428371e-13;1.1744276813590986e-08;1.4332885946043972e-11;3.281328379068579e-12;7.132831113171938e-11;4.1333101860666746e-11;1.932704577338805e-14;5.255086024418427e-11;1.387000610675867e-09;5.702455363081937e-15;1.274555490264215e-10;3.891193985750613e-06;2.783173057225745e-07;9.57841718581885e-08;7.695287606838734e-12;2.4191983074891818e-11;3.278877813248782e-06;8.823923785805877e-09;2.0959356049112258e-08;0.8457822648612283;0.0007229083077385;1.6808320121372268e-08;7.5739883624276735e-06;0.8465051732964225;;
GLO;SSP5-Base-2040;9a5d8b504b687999106456a802f9075e;market for acrylonitrile;acrylonitrile;kilogram;0.6638219107377552;0.0016677187958821;0.0085699898493497;6.937662376526317e-09;2.895081758953262e-09;2.840971174006329e-13;1.0403349445686996e-08;5.2041374266150674e-11;1.0664438439062894e-11;1.1438260081542662e-10;3.327650903346203e-10;5.384008064625927e-12;1.9281514582870888e-10;6.729137527396037e-10;2.7150338541012647e-14;6.068370701156607e-10;3.4469065250470195e-06;3.3513715793918805e-07;3.584041615972141e-07;1.0832498196854324e-10;1.4183887478918904e-10;2.050358026857848e-06;4.405861469199846e-09;9.979098056937173e-08;0.6611275461904513;0.0056194846363348;1.4679688170857411e-08;6.295246130829133e-06;0.6667470314336233;;
RoW;SSP5-Base-2040;07e5f1b0343c3344e99d193830cd925d;market for particleboard, cement bonded;particleboard, cement bonded;cubic meter;252.92525400248095;0.1371416902133369;0.2426930384957466;3.573603941526078e-07;4.2084278615452633e-07;7.533063434482637e-11;2.757825912347727e-06;1.0223544011746672e-08;2.408741045889613e-09;7.51465828350291e-08;8.16207119432613e-08;2.3118123177877952e-11;1.2745096385067909e-06;2.8521656217781374e-07;1.985675438727519e-12;4.438182100815507e-08;0.0009138981991698;8.100666578873127e-05;9.60177543406053e-05;9.221937930402257e-08;6.363828557981874e-08;0.0006227845607601;1.951362507812313e-06;7.298343585064773e-06;54.42805076937438;1.8121232365251376;4.90780143676754e-06;0.0017230817923961;56.24017405028136;;
GLO;SSP5-Base-2040;62126c280b17c6d6a69b136eac3ce9c4;market for p-chlorophenol;p-chlorophenol;kilogram;1.7282440044334983;0.0080451267225625;0.0091368574780685;4.329314410021612e-08;1.8175698279651347e-09;2.9481957307877933e-13;1.0796653336922748e-08;1.1626365050118488e-10;2.311577817306369e-11;2.704124061682498e-10;7.062057947669676e-10;1.570595732875701e-13;4.1415387484369575e-10;8.829606318607259e-10;3.930294761566602e-14;8.784599699179476e-10;3.577088432816845e-06;6.71839589384655e-07;7.209061997205023e-07;6.34935754538189e-10;6.1225804150414e-10;2.107220604447836e-06;5.621321918362107e-09;1.4445785550369345e-07;0.6285000561954042;0.0332131243289448;1.5027820796635267e-08;7.2283794235830735e-06;0.661713181402809;;
GLO;SSP5-Base-2040;1c184f38759c1eece1a9341c11e88b9c;market for trichloroborane;trichloroborane;kilogram;1.8911033873255916;0.0122142709943455;0.0035258096330362;5.223429010206749e-08;2.730890257128018e-09;2.47523541172433e-13;9.062015802966613e-09;2.15000624624901e-10;4.3181406404357637e-11;4.298440429665127e-10;9.026894356228803e-10;1.9126976025875808e-13;6.020612234003798e-10;8.137104643336337e-10;3.0028926803471e-14;6.71176380825206e-10;3.002948181952598e-06;7.27613032392794e-07;1.3531275805364231e-06;7.773154234170198e-10;7.162314778291482e-10;2.707945114340549e-06;5.53793244404796e-09;1.1037122231966445e-07;0.1835083823601957;0.0395883813877297;1.4799855604293589e-08;7.909034565122579e-06;0.2230967644191018;;
RoW;SSP5-Base-2040;e48b43af66fe1564ea0402c209878322;market for lime, hydraulic;lime, hydraulic;kilogram;0.0581953757283432;0.0001149591294215;0.0003546117218369;1.4388222504580607e-09;2.3553308223067826e-10;6.922510240954905e-14;2.5340854161187827e-09;1.0340294108649316e-11;2.201473290465077e-12;1.4787142133821958e-11;6.150352908159809e-11;1.4451999082647557e-14;3.277141551450716e-11;1.7477711622737378e-10;1.1780525284492872e-15;2.633064570176986e-11;8.397935653277036e-07;5.1573129331603796e-08;1.1996922624827034e-07;2.2839092913594008e-11;1.869719119475376e-11;2.485994048583033e-07;1.2019703903190475e-09;4.329928217970477e-09;0.0266356050427687;0.0015272141772799;3.0660823382365766e-09;1.2655081323175644e-06;0.0281628192463793;;
GLO;SSP5-Base-2040;f6a649b400b6c49bdf9e465997262e4e;market for aluminium removed by drilling, conventional;aluminium removed by drilling, conventional;kilogram;8.97913074542309;0.1773783974604487;0.4447151423139967;1.4132608191957045e-07;7.137334550463356e-09;7.723785436783859e-13;2.8279997964831303e-08;1.466376340795673e-09;2.7748000113503827e-10;4.360092922931368e-10;2.7227739310529277e-09;1.7807950191345802e-12;1.839750677554653e-09;2.05860337122081e-09;3.7425374702630726e-14;8.364943478777747e-10;9.371566610707005e-06;7.806132022855762e-06;3.984036728138152e-06;2.241786594482421e-09;1.1687352007290091e-09;7.709593117880341e-06;1.4042630884373036e-08;1.375568423984883e-07;0.4449482911298428;0.0521461339156828;4.422086395785868e-08;2.902632127598237e-05;0.49709442588202;;
GLO;SSP5-Base-2040;b045ec2262a7210bb2b95726ca5cf545;market for fermentation filtrate;fermentation filtrate;kilogram;0.003127701027971;1.5587995560805034e-06;2.4534234346168998e-06;3.827252999859454e-12;2.890360760968419e-13;5.969476432010341e-17;2.185649278983569e-12;2.8366362065078262e-14;9.444140578950764e-15;7.538536606105065e-13;7.45681200777986e-14;3.776443758480938e-17;4.792347444136628e-13;1.765118018662579e-13;1.0250839299554769e-18;2.2911645382880268e-14;7.242573876003871e-10;2.0535231706106088e-10;2.7814233310598505e-10;5.690737388212011e-14;1.8036854667033145e-13;5.632130176942253e-10;1.112755875372052e-12;3.767692634168784e-12;9.278306704909624e-05;4.901633549062804e-06;3.99676169869854e-12;1.7760824772244546e-09;9.768470062107072e-05;;
RoW;SSP5-Base-2040;5335ca05edd8d58c2e669f097830465f;market for ethylene glycol monoethyl ether;ethylene glycol monoethyl ether;kilogram;0.914563554137257;0.0185790087348639;0.0068754335762313;1.4677693910303804e-08;1.3415116709035152e-09;2.0488824828778798e-13;7.50303800762697e-09;7.051925173520332e-11;1.4354059635209715e-11;1.3845248776914791e-10;6.38182637944694e-10;8.837542331968171e-14;2.51252720034902e-10;6.794743805973487e-10;1.7392596983083712e-14;3.887418412471603e-10;2.485916789003597e-06;4.7225163877378754e-07;4.901304318602469e-07;2.347203697554547e-10;2.2958866933684336e-10;1.3482934815292828e-06;4.383246477541254e-09;6.392643336538981e-08;0.4992640900761176;0.0094740798812181;1.0637085664483378e-08;4.865363023083708e-06;0.5087381703460776;;
GLO;SSP5-Base-2040;ff43875a46f7adedf9cc98fbdd3921b9;market for triclopyr;triclopyr;kilogram;5.760417922720784;0.0314798270564393;0.4832342267355132;1.461218439612823e-07;4.905012542824915e-09;7.762679017055238e-13;2.842419222556304e-08;1.1122944636324548e-09;1.0267166847276894e-10;2.0201691035276947e-09;2.4260051391287413e-09;4.4213997933142625e-11;1.2421635378757735e-09;2.137639357655729e-09;9.116414110666889e-14;2.0376092255797793e-09;9.418175863075117e-06;2.9277438612212536e-06;2.924996514971397e-06;2.122736593364239e-09;2.3735735523098204e-09;5.0100257998074845e-06;1.3458752931696086e-08;3.35073502676838e-07;1.0187588314586236;0.13075225939352;4.24151830828045e-08;2.0633955528063707e-05;1.1495110928897527;;
GLO;SSP5-Base-2050;dd5dd245e75dc87e0219510c31f84652;market for tert-butyl amine;tert-butyl amine;kilogram;14.420261578545231;0.0182251715961082;0.0185452819713963;4.4165654502494126e-08;5.484582079058547e-09;5.634219019693359e-13;2.0635470630200632e-08;3.19618410173426e-10;6.455985397808226e-11;6.940469920264241e-10;1.2387027767064256e-09;1.7274095655376392e-12;8.378147712611491e-10;1.2408662824159963e-09;7.496392683030794e-14;1.6755183237715951e-09;6.83634022118793e-06;1.1784780188365182e-06;2.001596598606889e-06;6.03236968564889e-10;1.2588099612791367e-09;5.082881470565062e-06;8.251212608476206e-09;2.7552966805282605e-07;0.9799651855964852;0.0740527268585886;3.0518011869753166e-08;1.538493423677547e-05;1.054017914130592;;
GLO;SSP5-Base-2050;a0cb3a29ef896dea169237cf275d6466;market for urea formaldehyde foam, in situ foaming;urea formaldehyde foam, in situ foaming;kilogram;1.9529105215448963;0.0017250743124374;0.0034715732247904;5.2473418315448035e-09;1.710585439912271e-09;1.7936274582758136e-13;6.568223163324312e-09;9.749358364692926e-11;2.0456579339772863e-11;3.1555436739704096e-10;4.296859175807801e-10;1.3684471679088402e-12;6.405694341151627e-10;7.361067177973981e-10;3.6000867831171024e-14;8.046552024862571e-10;2.1762106920305904e-06;1.0011721004686617e-06;6.427147024696196e-07;8.371114288998841e-11;2.4828879183343416e-10;1.8968882720641276e-06;4.692938357734495e-09;1.32321072048294e-07;0.2924089254278548;0.0107981784868001;1.0520226473235414e-08;5.854321057091544e-06;0.3032071047193102;;
GLO;SSP5-Base-2050;0a2d2f7730cf75e27d4186a31383c933;market for natural gas liquids;natural gas liquids;kilogram;0.0875548980424486;0.000342437166384;0.0029191890567538;5.910940590398443e-10;1.5198067043461343e-10;5.1326772567239397e-14;1.8816611291615848e-09;3.876331615656387e-12;8.759711362638849e-13;8.226362640284075e-12;2.510402277069732e-11;6.59297279619336e-15;3.418647692628417e-11;2.4643107901709643e-10;6.13444601586268e-16;1.3711096977393159e-11;6.229892668707982e-07;1.3522299274818718e-07;2.22617375851516e-08;9.518423931352311e-12;7.161233886464258e-11;1.7592906107580026e-07;1.362190533655785e-09;2.2547136281490368e-09;0.4374145453039954;0.0039890616816378;2.352397705293062e-09;9.601001530021417e-07;0.4414036069993442;;
GLO;SSP5-Base-2050;ad0679625ef2b061dae0dfd5830b5c7a;market for wheat grain, feed, organic;wheat grain, feed, organic;kilogram;0.2841432639402733;0.0005340783231192;0.001026897539171;1.1430844758895812e-09;3.2870338180326883e-09;4.2237053780748745e-14;1.545759763605421e-09;1.3950619723930649e-11;2.905287065827151e-12;4.664314354052267e-11;1.3126236171677628e-10;1.0181767487270246e-11;1.718665274697109e-08;2.860922354336493e-10;2.7230437806177842e-14;6.086273683588238e-10;5.127469027564423e-07;8.369903929875745e-08;1.5762470463780569e-06;1.803126484040379e-11;4.877373626284553e-09;1.4699906377503104e-06;1.9687376247669597e-09;1.0008538515669013e-07;0.0273888050202934;0.0021389531100947;2.2510549523417148e-08;3.749632578919404e-06;0.0295277587390155;;
GLO;SSP5-Base-2050;4509f09990d32a3efba9d5eca765e350;market for oil mill;oil mill;unit;46067481.93118665;21231.668357178725;10285.832986925863;0.015713205533503;0.0041032610375795;3.412116858894252e-07;0.0124925174120695;0.0002343514161552;5.013076346163866e-05;0.0005041565804063;0.000911815494542;3.390381783122128e-07;0.0075159536975839;0.0014369403448474;1.870241768845319e-08;0.0004180176367597;4.139646709157478;8.098005842387984;1.515440210235986;0.0002468387424391;0.0004037581070108;4.122682185052934;0.0095035111774538;0.0687406750869595;250023.8393625127;185701.75162446612;0.0272498040029587;17.954662663197464;435725.59140499646;;
GLO;SSP5-Base-2050;50c83afa9a66313c4095e44e711e0521;market for aircraft, belly freight, medium haul;aircraft, belly freight, medium haul;unit;839270.7980945124;3649.573713672202;44792.02177479535;0.0181938677247256;0.002984515859528;2.849310005119406e-07;0.0104382371113261;0.0004521749010224;8.451424109753022e-05;0.0001806789172099;0.0005193305606043;4.2087390626665705e-07;0.0003948368086496;0.001340107353898;8.042817468518291e-09;0.0001797649698068;3.457547907783038;1.1283072706417432;0.5281179628500484;0.0002748291433674;0.0004268147480959;3.0592605991935518;0.0080439993323158;0.029561349318408;1293330.1239655134;17098.674042095692;0.0163950539289954;8.211522368705582;1310428.798187374;;
GLO;SSP5-Base-2050;f421ef9e73c59455a421dffb9b367b51;market for wax, lost-wax casting;wax, lost-wax casting;kilogram;0.3419515690033577;0.0002591121177046;0.0003681560044204;9.322463127229676e-10;8.528500812232764e-10;6.254638193317913e-14;2.289670136704259e-09;2.6527956710947707e-11;5.31718277214905e-12;4.7491687969257937e-11;8.640764412552837e-11;1.993202920678285e-14;1.0509139262374571e-10;3.7256746241285255e-10;6.81720272277116e-15;1.5237126124308934e-10;7.587901035956258e-07;1.1108811802507497e-07;1.5716760057643588e-07;1.484732777807798e-11;4.6652387334084216e-11;8.612322531001122e-07;2.518309687764605e-09;2.5056606326211632e-08;0.5234078437125433;0.0015571131698687;3.7859874729533026e-09;1.91590610569105e-06;0.5249649570347834;;
GLO;SSP5-Base-2050;d6f7338dead4a8e401ce196c235b1f13;market for strontium carbonate;strontium carbonate;kilogram;1.3388888486676571;0.6623787498085577;0.001834735340115;1.844198873350783e-08;2.3268382466686067e-09;1.6073431195146538e-13;5.885102065222988e-09;7.275922964103254e-11;1.4994527097798967e-11;1.7798025065598343e-10;8.957182887917904e-10;3.191556100518055e-12;6.8572766337622406e-09;1.3776109366943975e-09;3.1021168735424706e-14;6.933539748880987e-10;1.950138415874588e-06;4.814086045937999e-07;5.838211282872324e-07;2.7214611332263364e-10;7.666270351779095e-10;2.2594087776236364e-06;9.369119942881256e-09;1.1401820429751845e-07;0.1137864666516588;0.0274814364573606;1.7611656659886833e-08;5.3992007988910215e-06;0.1412679038023735;;
RoW;SSP5-Base-2050;159b0b89ee06badd075ce6e683fbc8c0;market for maize grain;maize grain;kilogram;0.367709366185915;0.000435422126937;0.0009549498031945;1.046117070414818e-09;9.63632426849716e-10;4.526679890553503e-14;1.6568695490279591e-09;1.8093514645782336e-11;3.229759262933523e-12;6.928286624278124e-11;1.3287301168628514e-10;1.0138177907350757e-12;3.162362236736106e-09;2.4313045737316197e-10;5.079813430973661e-14;1.1353888256419742e-09;5.494132782507119e-07;9.130530994190289e-08;1.136399013787408e-07;1.636264679932244e-11;3.5041066168732172e-09;6.595502994900077e-07;1.6642820276595796e-09;1.8670837662690125e-07;0.0323552513918794;0.002336560714016;6.250571554170644e-09;1.605797885009302e-06;0.0346918132412842;;
GLO;SSP5-Base-2050;ba4d55aefa52572a7d58882ca0396318;market for battery separator;battery separator;kilogram;3.7262875211681328;0.0705675822208609;0.0215064090746894;3.7818181139986363e-07;7.1082316781509705e-09;1.863702305834668e-12;6.823837230273736e-08;5.167262441471091e-10;1.0432592471389592e-10;4.233928173987967e-10;9.131863816399592e-09;1.5347717670651544e-12;2.5896110945828583e-09;3.2682174880225142e-09;5.6746542464015377e-14;1.2683416641762667e-09;2.2610840135735312e-05;4.60580232734895e-06;4.344575701332213e-06;6.165959007348661e-09;3.651719687471952e-09;7.968507481024816e-06;2.1822269109823028e-08;2.0857173135618577e-07;1.5972262799191133;0.0239102788401968;9.138417076361047e-08;3.97699295252592e-05;1.6211365600276515;;
GLO;ecoinvent-3.9.1-cutoff;338c598bdf20b3ee3c2087f1f7e37edd;market for castor bean;castor bean;kilogram;1.2717616390459168;0.0014377033902109;0.0044201979992814;1.6080081572981987e-08;2.0131945846375018e-08;3.3895702764655594e-13;1.2405169526276383e-08;7.140534699663287e-11;1.788164964779629e-11;1.2701913508205628e-10;6.662753499516025e-10;2.3866669248778938e-11;1.459214638557365e-07;3.4121277051465076e-09;2.2858416121300416e-14;5.10908335289478e-10;4.114508233449807e-06;4.420912364663964e-07;1.0777263681896108e-05;2.479092894995239e-10;3.465155488402195e-08;9.609039605207003e-06;2.3809303749344315e-08;8.401603374343137e-08;0.1925744471406169;0.0114644817221092;1.8277740066714866e-07;2.50855889131533e-05;0.2040389293736345;;market activity
GLO;ecoinvent-3.9.1-cutoff;097f1444a1b7a75db442c4a53a2f305c;market for manganese(III) oxide;manganese(III) oxide;kilogram;1.9228424144295428;0.0010954416781918;0.001627724016585;1.1955827213703984e-07;1.4831742701811194e-09;2.0099941573397882e-13;7.358951892439275e-09;5.2869057342013055e-11;1.0668680769544032e-11;8.018647258303941e-11;5.335048115971369e-10;1.0470059042511443e-13;5.924117448175044e-10;7.948329736196367e-10;2.6041524651483343e-14;5.820539768584959e-10;2.4385385948162484e-06;3.935566457501458e-07;4.077207359055088e-07;1.8514565898799323e-09;3.5655085696925447e-10;2.41033776457578e-06;5.472160366744035e-09;9.57155387424522e-08;0.1222502496981134;0.0240326695587536;1.0906652434296307e-08;5.7534569864629786e-06;0.146282919838921;;market activity
GLO;ecoinvent-3.9.1-cutoff;bebf81390b5ff4fdf7aa54728da91a50;market for glycerin distillate bottom;glycerin distillate bottom;kilogram;0.0027926850880255;5.626161138376005e-07;1.4908930545893096e-06;4.663163829975693e-12;4.2902183545036294e-13;5.871562538463689e-17;2.149799623995307e-12;1.4138476701954223e-14;3.600138538001954e-15;1.7307927809836297e-13;4.199135230728731e-14;4.3529480273117435e-17;3.534690354835832e-13;4.84617405754511e-13;1.2971332672568396e-18;2.899221865180969e-14;7.123572887073836e-10;1.2806763677397068e-10;1.3996385345598706e-10;7.115946732306672e-14;1.1295348868063974e-13;5.73664664505563e-10;3.2754417873496925e-12;4.767609084254352e-12;0.0001013792728516;3.4867262714186123e-06;3.649805769323625e-12;1.5622756774900595e-09;0.0001048659991521;;market activity
RoW;ecoinvent-3.9.1-cutoff;6119acbadeae6871b07052f5677aa77a;market for DTPA, diethylenetriaminepentaacetic acid;DTPA, diethylenetriaminepentaacetic acid;kilogram;1.7772587077511734;0.0081894496427103;0.0088936242520533;1.0021878860006393e-07;2.9370871154227566e-09;3.489994408789953e-13;1.278195526226556e-08;1.2351421613635959e-10;2.442385528624097e-11;1.8236885898062477e-10;7.33632099956472e-10;6.684720927538345e-12;5.345790329777095e-10;1.2173987737038607e-09;4.0954346815133695e-14;9.153703845075303e-10;4.234598581984809e-06;8.713344572156744e-07;7.916366947375344e-07;1.511079784293473e-09;7.277071434731307e-10;3.5946291086580696e-06;8.135217494180574e-09;1.505275678639065e-07;0.5159808801101206;0.0325156173929539;1.8541743761569e-08;9.653004380837778e-06;0.5484964984184449;;market activity
GLO;ecoinvent-3.9.1-cutoff;0e3600cdd62c7976730357f29b48742e;market for molasses, from sugar beet;molasses, from sugar beet;kilogram;0.0329036437904575;0.0028379567601512;8.336490021095009e-05;1.2318095026385982e-09;2.380148383300157e-10;7.193340025205129e-15;2.6330363875687466e-10;1.322443883109198e-12;2.648374165380944e-13;2.2426570446125722e-12;1.0865070637344124e-11;2.2865827779210466e-13;5.686970889726604e-10;2.511760196637489e-11;3.380479188177128e-15;7.555707208002507e-11;8.728849259524003e-08;8.75649145992859e-09;7.743390936279683e-09;1.8992473414236082e-11;3.1332073736237585e-10;1.228252733320031e-07;1.7228475777279395e-10;1.2424940207392612e-08;0.0037367379519194;0.0001967617462835;1.1100641506746374e-09;2.3954210760964165e-07;0.00393349977376;;market activity
GLO;ecoinvent-3.9.1-cutoff;f1cdf08b1c9bcfc0272235c147ed47dc;market for wind power plant, 2MW, offshore, fixed parts;wind power plant, 2MW, offshore, fixed parts;unit;706604.0493992004;8195.63180285092;1635.2860280024042;0.0133349117394218;0.0008545996674467;6.697073058912625e-08;0.0024520342550983;0.0001415055838387;2.813419453409099e-05;0.0002027872214934;0.000303106769579;6.482383352214474e-08;0.0001999906929535;0.0003719107845464;4.330262224378204e-09;9.6785667593233e-05;0.8125066463509836;1.8882185256809547;0.7576903163147305;0.0002049501659183;9.349716040166796e-05;1.1601064829192471;0.0024977871567533;0.0159158646526804;45256.90853063474;35818.41167263335;0.004554168718748;4.637221972624053;81075.32030005376;;market activity
GLO;ecoinvent-3.9.1-cutoff;4e499b344e793337e882f3698445019f;market for fish freezing, small fish;fish freezing, small fish;kilogram;0.3009637774444674;0.0153828042387255;0.0015938812348525;1.9849297148555272e-08;2.942812761625976e-10;3.656189083945695e-14;1.338839421747463e-09;1.1754205423354723e-11;2.3636543876976247e-12;1.6047344480082577e-11;5.080451498820683e-10;7.623623066291484e-14;1.0278263106635911e-10;1.4762085565242055e-10;4.246992918128809e-15;9.492451577891528e-11;4.4360657991288274e-07;7.56469234660643e-08;9.17688695868317e-08;2.9141357113143306e-10;5.981726858610074e-11;4.446566502727417e-07;9.81637687480152e-10;1.560980858971802e-08;0.0649893080787353;0.00977818280494;2.421806658737655e-09;1.072606824106107e-06;0.0747674909785998;;market activity
GLO;ecoinvent-3.9.1-cutoff;fe46c28da468b81defdd4f4d50915a9e;market for aluminium, cast alloy;aluminium, cast alloy;kilogram;1.245329741571087;0.0022968791024593;0.0136241998806718;6.201389988689459e-08;5.3636948307096795e-09;4.485170829436711e-13;1.6423572215647956e-08;2.2488474616157873e-09;4.129780902961482e-10;1.5086759633775524e-10;1.228867634515628e-09;2.4213541672491014e-13;6.864596070001478e-10;2.016871217738577e-09;2.1269022060072102e-14;4.75383797209849e-10;5.441744644214127e-06;3.665599129769971e-06;2.072158000945518e-06;9.63040104314176e-10;7.866916014956906e-10;6.975664866718535e-06;1.3997448566068388e-08;7.817422106615952e-08;0.2386798363033943;0.0251805067158454;2.8532778746664298e-08;1.82490577634954e-05;0.2638603434946236;;market activity
GLO;ecoinvent-3.9.1-cutoff;d2071651747d4ac7708dd0c07590d847;market for strawberry seedling, for planting;strawberry seedling, for planting;unit;0.0044677273280448;3.583391353152112e-06;9.101708902982826e-06;1.2682692216883168e-10;2.6613308692544015e-12;3.1326709076773717e-15;1.1462739573490788e-10;1.937012385347705e-13;3.8642556250881895e-14;4.0187384926135915e-13;7.938158035981713e-13;2.0289096843785652e-16;7.910209910234209e-11;1.987282526940386e-12;9.728732417493192e-18;2.1744684572727321e-13;3.799779978294317e-08;8.08702620459973e-10;8.674577550416387e-10;1.9470978242077007e-12;6.428844526276096e-13;4.3180823758538675e-09;1.351689317688392e-11;3.5757924203123755e-11;0.0004140666732509;1.278927776968763e-05;1.9980915175390584e-10;4.4043797896512984e-08;0.000426855951238;;market activity
RoW;ecoinvent-3.9.1-cutoff;28e171738d4c7eacdda08e946187f43d;market for concrete, 50MPa;concrete, 50MPa;cubic meter;318.02921553981764;0.2441713245341733;0.3152690039933936;2.344162277595956e-06;1.7435392837820818e-07;3.1149744179583727e-11;1.1403439883101818e-06;4.961902192443918e-09;1.0321278979709202e-09;1.434004636570396e-08;3.019599026138745e-08;1.1319018334866732e-11;8.217811797040431e-08;1.375714042257956e-07;5.59125362253422e-13;1.2497007952393986e-08;0.000377897029396;3.449098401399093e-05;4.182238096527934e-05;3.6408559949558424e-08;2.3137626926961483e-08;0.0002188092284267;9.465088869915644e-07;2.055063441518071e-06;18.305271125158185;0.8149259367655814;1.5850053903127948e-06;0.0006760757341887;19.120197074420776;;market activity
