Method,Letter,SSP,Year,Median,Std,Min,Max
Waste - Incinerated,h,SSP1,2020,1.14e+01,1.16e+04,-2.29e-01,3.49e+05
Waste - Incinerated,h,SSP1,2030,1.21e+01,1.19e+04,-2.60e-01,3.50e+05
Waste - Incinerated,h,SSP1,2040,1.25e+01,1.22e+04,-3.44e-01,3.51e+05
Waste - Incinerated,h,SSP1,2050,1.31e+01,1.28e+04,-3.94e-01,3.51e+05
Waste - Incinerated,h,SSP5,2020,1.14e+01,1.16e+04,-2.29e-01,3.49e+05
Waste - Incinerated,h,SSP5,2030,1.22e+01,1.20e+04,-2.57e-01,3.50e+05
Waste - Incinerated,h,SSP5,2040,1.25e+01,1.22e+04,-3.09e-01,3.51e+05
Waste - Incinerated,h,SSP5,2050,1.32e+01,1.32e+04,-3.86e-01,3.52e+05
