Method,Letter,SSP,Year,Median,Std,Min,Max
Waste - Recycled,f,SSP1,2020,4.01e+01,5.35e+04,-2.10e-01,1.73e+06
Waste - Recycled,f,SSP1,2030,4.19e+01,5.66e+04,-3.33e-01,1.73e+06
Waste - Recycled,f,SSP1,2040,4.39e+01,5.73e+04,-6.70e-01,1.73e+06
Waste - Recycled,f,SSP1,2050,4.67e+01,5.90e+04,-8.62e-01,1.75e+06
Waste - Recycled,f,SSP5,2020,4.01e+01,5.35e+04,-2.11e-01,1.73e+06
Waste - Recycled,f,SSP5,2030,4.18e+01,5.65e+04,-3.09e-01,1.72e+06
Waste - Recycled,f,SSP5,2040,4.25e+01,5.59e+04,-5.09e-01,1.72e+06
Waste - Recycled,f,SSP5,2050,4.52e+01,5.85e+04,-7.46e-01,1.73e+06
