Method,Letter,SSP,Year,Median,Std,Min,Max
Waste - Hazardous %,c,SSP1,2020,9.44e-02,2.40e+00,1.53e-04,4.13e+01
Waste - Hazardous %,c,SSP1,2030,8.58e-02,2.29e+00,1.52e-04,3.93e+01
Waste - Hazardous %,c,SSP1,2040,7.72e-02,2.12e+00,1.55e-04,3.53e+01
Waste - Hazardous %,c,SSP1,2050,7.63e-02,2.05e+00,1.66e-04,3.38e+01
Waste - Hazardous %,c,SSP5,2020,9.44e-02,2.40e+00,1.53e-04,4.13e+01
Waste - Hazardous %,c,SSP5,2030,8.64e-02,2.31e+00,1.51e-04,3.95e+01
Waste - Hazardous %,c,SSP5,2040,8.03e-02,2.18e+00,1.52e-04,3.69e+01
Waste - Hazardous %,c,SSP5,2050,8.94e-02,2.14e+00,1.71e-04,3.58e+01
