Method,Letter,SSP,Year,Median,Std,Min,Max
Waste - Composted,g,SSP1,2020,6.93e-03,1.19e+03,-8.38e-05,4.53e+04
Waste - Composted,g,SSP1,2030,1.07e-02,1.19e+03,-1.54e-04,4.53e+04
Waste - Composted,g,SSP1,2040,1.16e-02,1.19e+03,-2.36e-04,4.53e+04
Waste - Composted,g,SSP1,2050,1.14e-02,1.19e+03,-2.70e-04,4.53e+04
Waste - Composted,g,SSP5,2020,6.93e-03,1.19e+03,-8.38e-05,4.53e+04
Waste - Composted,g,SSP5,2030,1.16e-02,1.19e+03,-1.57e-04,4.53e+04
Waste - Composted,g,SSP5,2040,1.16e-02,1.19e+03,-2.14e-04,4.53e+04
Waste - Composted,g,SSP5,2050,9.01e-03,1.19e+03,-2.51e-04,4.53e+04
