Method,Letter,SSP,Year,Median,Std,Min,Max
Waste - Landfilled,e,SSP1,2020,3.01e+02,2.34e+05,-5.78e+01,6.98e+06
Waste - Landfilled,e,SSP1,2030,3.14e+02,2.38e+05,-6.38e+01,7.21e+06
Waste - Landfilled,e,SSP1,2040,3.81e+02,2.69e+05,-8.34e+01,8.27e+06
Waste - Landfilled,e,SSP1,2050,4.24e+02,3.07e+05,-9.26e+01,9.62e+06
Waste - Landfilled,e,SSP5,2020,3.01e+02,2.34e+05,-5.79e+01,6.98e+06
Waste - Landfilled,e,SSP5,2030,3.13e+02,2.40e+05,-6.26e+01,7.26e+06
Waste - Landfilled,e,SSP5,2040,3.51e+02,2.59e+05,-7.47e+01,7.85e+06
Waste - Landfilled,e,SSP5,2050,3.84e+02,3.07e+05,-8.10e+01,9.71e+06
