Method,Letter,SSP,Year,Median,Std,Min,Max
Waste - Total,b,SSP1,2020,3.55e+03,1.33e+07,-1.75e+02,3.02e+08
Waste - Total,b,SSP1,2030,4.01e+03,1.34e+07,-2.12e+02,3.02e+08
Waste - Total,b,SSP1,2040,4.56e+03,1.36e+07,-3.10e+02,3.03e+08
Waste - Total,b,SSP1,2050,4.89e+03,1.39e+07,-3.54e+02,3.03e+08
Waste - Total,b,SSP5,2020,3.55e+03,1.33e+07,-1.75e+02,3.02e+08
Waste - Total,b,SSP5,2030,4.00e+03,1.34e+07,-2.06e+02,3.02e+08
Waste - Total,b,SSP5,2040,4.32e+03,1.36e+07,-2.69e+02,3.03e+08
Waste - Total,b,SSP5,2050,4.51e+03,1.37e+07,-3.02e+02,3.03e+08
