Method,Letter,SSP,Year,Median,Std,Min,Max
Waste - Circularity %,d,SSP1,2020,8.80e-01,1.96e+00,7.01e-03,1.60e+01
Waste - Circularity %,d,SSP1,2030,8.72e-01,1.80e+00,7.40e-03,1.52e+01
Waste - Circularity %,d,SSP1,2040,8.28e-01,1.60e+00,7.60e-03,1.39e+01
Waste - Circularity %,d,SSP1,2050,8.19e-01,1.48e+00,7.70e-03,1.26e+01
Waste - Circularity %,d,SSP5,2020,8.79e-01,1.95e+00,7.01e-03,1.60e+01
Waste - Circularity %,d,SSP5,2030,8.75e-01,1.82e+00,7.35e-03,1.54e+01
Waste - Circularity %,d,SSP5,2040,8.37e-01,1.67e+00,7.52e-03,1.45e+01
Waste - Circularity %,d,SSP5,2050,8.44e-01,1.59e+00,7.58e-03,1.36e+01
