Method,Letter,SSP,Year,Median,Std,Min,Max
Waste - Openly Burned,i,SSP1,2020,8.88e-01,1.01e+03,-4.07e-03,2.89e+04
Waste - Openly Burned,i,SSP1,2030,9.15e-01,1.02e+03,-6.18e-03,2.90e+04
Waste - Openly Burned,i,SSP1,2040,9.50e-01,1.03e+03,-1.28e-02,2.90e+04
Waste - Openly Burned,i,SSP1,2050,9.82e-01,1.05e+03,-1.55e-02,2.91e+04
Waste - Openly Burned,i,SSP5,2020,8.88e-01,1.01e+03,-4.09e-03,2.89e+04
Waste - Openly Burned,i,SSP5,2030,9.21e-01,1.03e+03,-5.74e-03,2.90e+04
Waste - Openly Burned,i,SSP5,2040,9.42e-01,1.04e+03,-9.79e-03,2.90e+04
Waste - Openly Burned,i,SSP5,2050,9.75e-01,1.07e+03,-1.29e-02,2.91e+04
