Method,Letter,SSP,Year,Median,Std,Min,Max
Waste - Carbon Dioxide (Ccs),a,SSP1,2020,3.24e-03,6.06e+00,-9.80e-04,1.68e+02
Waste - Carbon Dioxide (Ccs),a,SSP1,2030,6.51e+01,7.82e+04,-7.20e+00,1.85e+06
Waste - Carbon Dioxide (Ccs),a,SSP1,2040,2.99e+02,7.36e+05,-3.45e+01,2.26e+07
Waste - Carbon Dioxide (Ccs),a,SSP1,2050,4.72e+02,1.71e+06,-4.65e+01,5.51e+07
Waste - Carbon Dioxide (Ccs),a,SSP5,2020,3.39e-03,6.07e+00,-1.03e-03,1.68e+02
Waste - Carbon Dioxide (Ccs),a,SSP5,2030,6.68e+01,9.73e+04,-6.25e+00,2.43e+06
Waste - Carbon Dioxide (Ccs),a,SSP5,2040,2.87e+02,5.69e+05,-3.37e+01,1.62e+07
Waste - Carbon Dioxide (Ccs),a,SSP5,2050,3.88e+02,1.06e+06,-4.83e+01,3.36e+07
